1CLMS4zKMkY7NymUKZYC3LcjMw8DPqXhBU,CryptoLocker,CryptoLocker
1GGm1pDwN4qp3AyWfP5hsswFWiXm3TcHcw,CryptoLocker,CryptoLocker
1fpYNCzkX1jnmkDXVidvLH3iEsJqS1w7B,CryptoLocker,CryptoLocker
13URSVmyFmyAyM7Nxc8kkk6LnoGUbg7Qko,CryptoLocker,CryptoLocker
1B4SjCEppw4jgJLLH6WHf7zzdp5gMLreqB,CryptoLocker,CryptoLocker
1DtEbsPFa1c9R8Tipde5q767hRf18zzmRm,CryptoLocker,CryptoLocker
1GAvKrf6VjLP9FhsPDyzttBwpBHLRmxfNz,CryptoLocker,CryptoLocker
1JWK91CWSiVumLScW8fA93jej9DE76AaxD,CryptoLocker,CryptoLocker
1Q8pu9noF2D9tNsaXAKz1MkzbniNFWrzzm,CryptoLocker,CryptoLocker
1QEUQDmuytqjazdsgRzFmZg58jWshCvpBg,CryptoLocker,CryptoLocker
16YqfWGTeFEHungemq62mdnj7tAVrFTKhZ,CryptoLocker,CryptoLocker
197hQ8qsBTfoFsis75Zwx52qmx8MnepmhJ,CryptoLocker,CryptoLocker
1A3hNaqgTEjJCuYFnnybVEPDJPw7P7xGkG,CryptoLocker,CryptoLocker
1FWMMeLcSEowNZQqihvtNUA3QnMXTWdjkA,CryptoLocker,CryptoLocker
1L4ypAukN5qmh4B8f6jVE5xu7yiUBveGrf,CryptoLocker,CryptoLocker
1LzB3cYD1947iBQYpTtUuvt45vtTAGt7jG,CryptoLocker,CryptoLocker
1ti5w4Eo6C97P2MPeDiEZE6bkM8wbpCys,CryptoLocker,CryptoLocker
13Tb67ue2X9zSb6ngopgp27DL6gV4YUPZ6,CryptoLocker,CryptoLocker
15sjtHNS88WSTyQEmqvGJMjRNZf1Yryqhf,CryptoLocker,CryptoLocker
19U44vQAPhuCgjrg8pXVSjLGEXrWp7w7Hd,CryptoLocker,CryptoLocker
14FMhAYUJ5CSTTTLGNZpZUWfrA4dgkakeG,CryptoLocker,CryptoLocker
18R9EBJNSZzd5KMrdCqQpwMxkVMaGDsUTU,CryptoLocker,CryptoLocker
1AT5MPom2f56c7a74BpoV3C2JrGwe4Y3Tt,CryptoLocker,CryptoLocker
1HRhc1kvmTwprRV31bqxKgAGqomvgbQtMH,CryptoLocker,CryptoLocker
1JMhN3hHoYotkKNGEFRytc9JgiGCaHqYUf,CryptoLocker,CryptoLocker
1LCJtmQKzamK32YUPnxaZSaw36imQ1DNKW,CryptoLocker,CryptoLocker
18GZDbcEWxEVxcF3u8VjEsE3b3axoxJc5c,CryptoLocker,CryptoLocker
1F7jdFrr4mXC5PgcKzUYsoVzKp9KWDq9rJ,CryptoLocker,CryptoLocker
1JKJByjqRibD5oYbLujEc3hwSgQmWb1FNU,CryptoLocker,CryptoLocker
1iPwrjCp5761ofo5xbAf89xaaSWZZAP7K,CryptoLocker,CryptoLocker
1KAZEoxWaFxposwsUEn5D4Kdkg4crhiB51,CryptoLocker,CryptoLocker
1BcWeV4EweKhVpAnDZpVBBrutyNLjNjXMY,CryptoLocker,CryptoLocker
1DhQu6py3Yr3JqvP6JwdcMzzyoxtP4dcrL,CryptoLocker,CryptoLocker
1MJq7ExLYDy9m2B9eJE2y9vgYonz5r8Hd1,CryptoLocker,CryptoLocker
13Z9opdJAckCnLuTJ17wkWvUBbwbmeuPdG,CryptoLocker,CryptoLocker
15rdUyBads2QN7gEzgZmzVnG6t7rWppYsP,CryptoLocker,CryptoLocker
1Aj4E9WRwgTySBgxRrj5EMvXUc6MdMV9di,CryptoLocker,CryptoLocker
1B5cwRRi2pexowBSW3d4b7Xcnm3CE5AtQo,CryptoLocker,CryptoLocker
1Bi7682vaCgYpxBUyLimBDm2dxd3eGHnMV,CryptoLocker,CryptoLocker
1P6GDJ7NwsDygz6tyKPDGEuh4GRA6aXrgQ,CryptoLocker,CryptoLocker
193N9bw37LRjs26NmCSN8vERN76MnbNU2Z,CryptoLocker,CryptoLocker
1ATY2sbZquCGnTtYnAVM654vZkGnm7Uxj,CryptoLocker,CryptoLocker
1AmsVB5P6fL97MrdYQ9cfcvW1RRZWNAQoF,CryptoLocker,CryptoLocker
1BBAoHPsTwHRTDWWyZGKoshw6FfSpEiyr2,CryptoLocker,CryptoLocker
1FLUcg2mLX5JEe5uePUJfrUPwzTrBceUae,CryptoLocker,CryptoLocker
1Kmku9uQ2ckxwFUnhqPTHdKqiJN57qBRTq,CryptoLocker,CryptoLocker
15ypJ3NZB38SWsvA2AKGd8vCTp5kjodR6a,CryptoLocker,CryptoLocker
1ABxU6iWXudkfPDsG4DAkvU8X4owd3MGxK,CryptoLocker,CryptoLocker
1EBVBEaqD34dCwPyXYVttuVm7H9g6XsC8u,CryptoLocker,CryptoLocker
1MhnmWgpsRurRdJYwDyptL4RwAmnjBdJCz,CryptoLocker,CryptoLocker
17T8j6yVduuvqTcKHAb1JDRc7hTaSjwtBA,CryptoLocker,CryptoLocker
19WsNme32JW3ifWzMBPV7mkX3kkkZxqcCY,CryptoLocker,CryptoLocker
1GGJk8DjqMSQSiGbtfJiYv8d63pq1m63Mb,CryptoLocker,CryptoLocker
1HsuVCVJaxqiv7UsPoG4HvHCmDAhtHtE9R,CryptoLocker,CryptoLocker
1PgE9vt9sfCyFj4rmL8uL9WqM2BqMXeE25,CryptoLocker,CryptoLocker
19698yRTpYXVFHDn5rtGSC837FKCTLUGQB,CryptoLocker,CryptoLocker
13w8H6zxVDtQhnmZ94Vpm7nH1QsNurmzmZ,CryptoLocker,CryptoLocker
15UT8WqjFTsQkiLcQ4aqVd5sWHUK5t7zbC,CryptoLocker,CryptoLocker
16m1xrTb2U8NtqCCiTvy1w14Hw6TCtjJ57,CryptoLocker,CryptoLocker
1Q3BJuu8t99i23wNF4pk8rLsKwLWWT9xvn,CryptoLocker,CryptoLocker
12Lk5fHNJiR1YVR7aEHyF69fXqSnFcJUxb,CryptoLocker,CryptoLocker
14y9mdPgoHKW4jAGniWiKJa1dHsKoMHnr9,CryptoLocker,CryptoLocker
17fK93pKA6eAmqBB4vefWyi1AXyjTYr5ZY,CryptoLocker,CryptoLocker
1KgWqkEeFMFuUa58rzE1zR1cR3xbfNLsdQ,CryptoLocker,CryptoLocker
13MjaSU6vKCNgWLB9dVi2gZ4LNeAUSokMr,CryptoLocker,CryptoLocker
16Vn4aq2d7TXE4XqyQ5dbcZGTHAQhWZn8U,CryptoLocker,CryptoLocker
18F386ur6u7GBUrxyGR4YUeAo2YGrooCYu,CryptoLocker,CryptoLocker
1H6CqHNzWLgsLvFiQr9vgm9S9cXH6APPm9,CryptoLocker,CryptoLocker
1JgAxMvC4RjEtRLADCEH6YCFiBEyZgg77H,CryptoLocker,CryptoLocker
1LYSMdCvfbrZ2jfHQDCFNxkzgYHz7DYdNg,CryptoLocker,CryptoLocker
1Lgwb1YiPrb98JGdv2Mhkz7VG4pRdZ6xCx,CryptoLocker,CryptoLocker
17EqCxwMCSYbRnuNDxCzGWyJRFb9cLSjcz,CryptoLocker,CryptoLocker
18rqSx5LMf7PYvxw8QTKgJWUV4LLsRxQxV,CryptoLocker,CryptoLocker
1924rgfC1msdTbC6wJ48KgbLZYiB9D5skW,CryptoLocker,CryptoLocker
19Zdxy8gG74U8VnB64wbXeVqGJcdiYQm8X,CryptoLocker,CryptoLocker
1BLbSqTjmw7STJQkVBtp2yrvAi7q64jh3E,CryptoLocker,CryptoLocker
1BewodnANNP2CAWerGjKjz3QpzncRYWtWX,CryptoLocker,CryptoLocker
1CM2x881LJihJFs1xswzcVpMbv4oC2Sr1a,CryptoLocker,CryptoLocker
1HNiqcy59y3toikWoECd73XP8DJxGJ2sxU,CryptoLocker,CryptoLocker
1A2VrTUtBHg4ZA7mEv3YEEBNhfVgZmsdsN,CryptoLocker,CryptoLocker
1DAGDbgeztgX7r69xhY9mBCxMAH69xe3La,CryptoLocker,CryptoLocker
1E2LJGgZAsa5oZb7BznQJoFWGLeenTdAmi,CryptoLocker,CryptoLocker
1FRkMEuvoC5JkamJcXExML9DZXA9XGP2Vs,CryptoLocker,CryptoLocker
13oy8a8Ytfwue3oAR3nBG796nFNyKnmhMg,CryptoLocker,CryptoLocker
1Grm1DySxsFtKGj8xdCfUghKUuKFagtnaQ,CryptoLocker,CryptoLocker
1GwRMGzPdKmaLmwB2Gy8mm6YFAMvjrDnBs,CryptoLocker,CryptoLocker
1Ja8vLupptShzK58xaVp8yq3zJzzCEEAjj,CryptoLocker,CryptoLocker
1Pw9UkqkSj88E7SgDvtPsNbfao2LXvmkHX,CryptoLocker,CryptoLocker
122fcugmj8cBiWGBRHAx13wEVT8fCMN7Yv,CryptoLocker,CryptoLocker
16gNsTYPz64LxXzx4hi3PEvbS1EBMa2zVr,CryptoLocker,CryptoLocker
19LHsVsHVbgtevDenVb2CNTDPM5hjxsBqU,CryptoLocker,CryptoLocker
1AEhRR23Pg2tzWFPSjxNW52T2DDnbRpMGT,CryptoLocker,CryptoLocker
1MPgZzL241MWeYknto638u5fK2J3Q1RNJ9,CryptoLocker,CryptoLocker
16utkAoRcdx2wJEVsGFRpsBns5AA54Spod,CryptoLocker,CryptoLocker
19jLCCvZFAG1DRsaAGuvhu7kj2qpqYBcEG,CryptoLocker,CryptoLocker
1AyBaDLN3rgHKTcXh5jceqUNNSCwrjWJ7,CryptoLocker,CryptoLocker
1D6PpqhkpKGWaV6qKt9ucUJgGiCnjPJZXT,CryptoLocker,CryptoLocker
1Fmd2mDV1JumpoScS7nGSM3amfrsbWX4pT,CryptoLocker,CryptoLocker
1Hojtyssp7qz7RwT4eKRYtP2nrZ96H3qZg,CryptoLocker,CryptoLocker
1JzbvZ8zvWecnf6k7rp5isW9QQfpHpXZrT,CryptoLocker,CryptoLocker
1KwYSJF5dQjbX9utehtMUZLybLuRqzLPZY,CryptoLocker,CryptoLocker
1MSFtiA8DfnpxGJsUg7adc4q5T9rSFDnvC,CryptoLocker,CryptoLocker
1P5cAa3WDHsfNBEVhknmaeRK3Us1bmE9qs,CryptoLocker,CryptoLocker
17WjW1BHbzo9KZRn4dzUu2bTM5P2AGjfBs,CryptoLocker,CryptoLocker
1A2uNTrqFsFrw5Y6jJRM7ZvLeZFqEgsif7,CryptoLocker,CryptoLocker
1EKdXWq2RZqPKyfgY2FhzVsNGhkJB3aScJ,CryptoLocker,CryptoLocker
1F4Rb7qoWFVbSuGtKtgQkUWin99ticBoF3,CryptoLocker,CryptoLocker
1JuTrZruWsHMULt1bCmimpKuu7deucwKCW,CryptoLocker,CryptoLocker
15afQUpSwnKSDXGQ8WUEcgv1R7dPQHhvUm,CryptoLocker,CryptoLocker
16pUk3m2G4SpdMpAM6EVxzvkM5sveZoSRa,CryptoLocker,CryptoLocker
1M9bRCPxDw1AQApyLosX9WNBHkx7pL5AdY,CryptoLocker,CryptoLocker
1FdWKDQg6Zqh4s6Zc89hyAbRBAeNRUwiAz,CryptoLocker,CryptoLocker
1PyEnHv3kFcknqMMbVqG14ism18kZsi6bW,CryptoLocker,CryptoLocker
15jyuQpNpLUkQj63JrVT98gVKJm6q6bKNs,CryptoLocker,CryptoLocker
168bWbZF6VcQnVm1wBoeKWKPyhy771W6dx,CryptoLocker,CryptoLocker
16WaV3aQypZoeMagAmDySM4kCxqw6uoDtL,CryptoLocker,CryptoLocker
185QPodi3zaSVtBjEGAALKT2sdycWxrByv,CryptoLocker,CryptoLocker
1CddRG6twF61qs9Mr1YEuVqma6eiynNcYb,CryptoLocker,CryptoLocker
1NTqaT3skX1ButcNrDX9qxo9V8Z3CzdPXh,CryptoLocker,CryptoLocker
1P7NVc2fu4M8EUY4JLPAFxYKMaWWoWe84A,CryptoLocker,CryptoLocker
1PUxVrG4QA4LnueVUXWMzBioZeMDUtKDBk,CryptoLocker,CryptoLocker
1Dp9xaJ7vgpma9iyp9Xg4XDHZpX1qnW8RP,CryptoLocker,CryptoLocker
1GnNVEAhPfz9y6PNncrrbEXyvAvxUmfy9m,CryptoLocker,CryptoLocker
12PXDTJFV84AWLoCiFNcd2Vd6wmukZWEDu,CryptoLocker,CryptoLocker
14UNup9ys1w5HCC3zEj7nynF7aSFCJiyNQ,CryptoLocker,CryptoLocker
15SMH5YbWuixjghZ5AubhWDkRFNfLLkS9Z,CryptoLocker,CryptoLocker
1EjQpJiVHRmPiQQ5nioGpEF9dvoQ8NomWk,CryptoLocker,CryptoLocker
1PoxEaLLbg61o88T6xqXUAioaGyWoJqL5D,CryptoLocker,CryptoLocker
15D5b6UwoSv5Uf6s4sFHhBJsxUzi16tmvj,CryptoLocker,CryptoLocker
15gQYyzmgCrZjq1BFNihM5pBhMVrhbxknr,CryptoLocker,CryptoLocker
15rkjyqBoKWTjbQSb12jCxAyBEYHm515GK,CryptoLocker,CryptoLocker
17A7ZuQ65XDbUeFvZrLi9jq2H94UFsg2HR,CryptoLocker,CryptoLocker
1EKaDXxWLKSYTcyrZYALN8bhaPRUByg3wM,CryptoLocker,CryptoLocker
1GrcP1tcY2A5EtnnDR6L7fGpFiT2ZcCSPS,CryptoLocker,CryptoLocker
1MCJg35DzCuxd6JTQiDEhK2m5rVRcgFwxj,CryptoLocker,CryptoLocker
15DfUDxkPQqgssX4BxH9yFdeUxY21jHVkc,CryptoLocker,CryptoLocker
1PCsiGrRCj8cahdgyjEBC9ioLxKrP8dfLH,CryptoLocker,CryptoLocker
1PKBVJ56Fyqgzuhp23BHTEVm41WBq59rmp,CryptoLocker,CryptoLocker
1Bus6qbW1F3eFaziZCLUbemBy2iYV8hKbX,CryptoLocker,CryptoLocker
1PqGhyqHE9NykAG4aChJvgtwxhqFn9szu1,CryptoLocker,CryptoLocker
1E6mfkDwiZ2SJrM1fbTVEee1RbHXqfyAnN,CryptoLocker,CryptoLocker
1JyxrkELCNMECqLkE57jEFMX5otmGgcBSZ,CryptoLocker,CryptoLocker
1KmN7paLixoVBQRefPoEq65ouckvet9mZn,CryptoLocker,CryptoLocker
1LGfYq32BKZosBjaoK5isnXSj93VY3kBXJ,CryptoLocker,CryptoLocker
13xxTRNsAutKoN5YpxDeTDsGSSjfRPxqZ1,CryptoLocker,CryptoLocker
15A33N6NYFZXxB7xhhDZ83i2ATXoczBMKL,CryptoLocker,CryptoLocker
1FUCiyEC3kQWAFh1ANcJDPy1dqEfLMsu5k,CryptoLocker,CryptoLocker
16BkQuQ5nCJTFgusX3fPquCbxoANLcXmio,CryptoLocker,CryptoLocker
1DRAAoqXvkgtup7Y9bnr2sGMDUyhSfRPTu,CryptoLocker,CryptoLocker
1NMiiPNGb93VwTXGrJY8FPvnLnq2ZSdct1,CryptoLocker,CryptoLocker
1Pc4r1wBWRXmJiEBQWPrw9pTdF5srESZLP,CryptoLocker,CryptoLocker
1147GrWQh7yW91kV65QP8BhFiGQQKuW3n5,CryptoLocker,CryptoLocker
1CH8vWSinaEKJTAYFSzx3PeByn1Z4RQdip,CryptoLocker,CryptoLocker
1v1hLeFZczCBQeuDRyKwjXrs5pKWqp6kB,CryptoLocker,CryptoLocker
12AkEJ5xoNvQXfVCLVgcseFjxbaYpYoFYP,CryptoLocker,CryptoLocker
1CfXF3Hq7brB6gM9tjnPwmR2NhsZEvGKfb,CryptoLocker,CryptoLocker
1ENhCsdqg88jXomMvuNoEVpi8WG7RiN1PX,CryptoLocker,CryptoLocker
1PLqvqitTbafqdmfMPPT8nKaJqJTVPxZms,CryptoLocker,CryptoLocker
12n2NatBsxa8hEi5W4RsDb2ExTxmEz1FH8,CryptoLocker,CryptoLocker
17kEVhBMqJB67sYCJTJ4A3qfyB1MNL87MC,CryptoLocker,CryptoLocker
1KarHM9eLhGjNAxN28dP6EHPG6CoVHPG4C,CryptoLocker,CryptoLocker
1LcuT2DiJzLyiyNK9qgsrPQJ5oeX6TW5rS,CryptoLocker,CryptoLocker
1Q7jevviLBGMa4jG9GCTDqX5w6YDruqPvz,CryptoLocker,CryptoLocker
16kPwnKPzVhZFynr7PVNooapx14o6btrsx,CryptoLocker,CryptoLocker
1JZuQYHTGHvDt4s5KajYiLyQ8fsnKVa7vn,CryptoLocker,CryptoLocker
18WWGX3vsAr4rHNJbwkvYDadswp1LSeVww,CryptoLocker,CryptoLocker
1FpnnbNyRYULiCqUWTBnpb2r9ke834EjLZ,CryptoLocker,CryptoLocker
1LFvTyYpKuZGYAFcs6yw4aE496BsqP87pV,CryptoLocker,CryptoLocker
1LUE9AXCSisrTcujqQ5f1qz9EmvtdS2eS2,CryptoLocker,CryptoLocker
1FL7yXdVaAFPew6yFHoCBUXwmf1prHUNRo,CryptoLocker,CryptoLocker
1YCFHrNFUPzGfMCUQcHjbJ8QsmVBFwGNW,CryptoLocker,CryptoLocker
12QdTVrr9PodpSnP6uoFcJmudUVR6DNFBj,CryptoLocker,CryptoLocker
143wF8i8u3seNACdxmHEJGswt3QfMD5N4h,CryptoLocker,CryptoLocker
18w41e49sSx3eSzm26L6iZ3rL9BAvzsF2u,CryptoLocker,CryptoLocker
1BwDCmJ8LxzSxz67nFZiKDtUVzcPFh2LNF,CryptoLocker,CryptoLocker
1LiGDNfM5Vftv6eDJxZq4BdktqV6cfgFMk,CryptoLocker,CryptoLocker
1NoSJTNpFc9hAEEtgZAnWCXbUzfbxRrWP6,CryptoLocker,CryptoLocker
1P5Wv4tagUS7wCNHpBpBfGoya9webqmAd4,CryptoLocker,CryptoLocker
1tfUxUevwRD7kGNAmZVBCopPN3Szdyezb,CryptoLocker,CryptoLocker
11WrKpCb9YgyPaV7sPPbX5EcPQf2q8d9Z,CryptoLocker,CryptoLocker
17AbUpSsgrCpH1wStxAkgTim9VmDnn9rTQ,CryptoLocker,CryptoLocker
1AoN8X5oF84mqqtQFg3yDxpUXdwUCcNAvp,CryptoLocker,CryptoLocker
1GHi4aJ1fscHN5kF1CHNXWAQM9Y2B1iKo2,CryptoLocker,CryptoLocker
1LGaoScaQ5wgmFeTiC28vedDEB5Sjan699,CryptoLocker,CryptoLocker
128osATiSntnrYFfkqFLQFB9MhfQLPm2rF,CryptoLocker,CryptoLocker
1BjxL9nVsGTNwff7FhgkbNJEpzFnxXY5iH,CryptoLocker,CryptoLocker
15aXu2EhAvpWDEcoWEcWeG73XCNe7vRjz7,CryptoLocker,CryptoLocker
17mL6Z1MEHPTUzbQsqGqwDmMekmgrLYeZV,CryptoLocker,CryptoLocker
1L7tGXLZMbjiB41HzrxUAq2oNY5v3srv5i,CryptoLocker,CryptoLocker
13B4z9sf3NcwopkcX2ZHz1eu67XgtHr3yR,CryptoLocker,CryptoLocker
1CxHPQfAbzMbXLvrewzyJS1d2j1qQ3Man3,CryptoLocker,CryptoLocker
15uULDjxq7VfbjbNanBMHh8AJ6GMEMug2V,CryptoLocker,CryptoLocker
19mdwoaUWMozeDjkmQ8pwUMWhRDfUjxEfk,CryptoLocker,CryptoLocker
1F5USwafW7bbgzPU7xcnaV7FJztBgGLzt7,CryptoLocker,CryptoLocker
1N2y6sUvfEpXbwX9jAhJ6M3JPsnv6YjMk5,CryptoLocker,CryptoLocker
1PbA1AkwySob6DxoVoV7yrLLRjh3bBtdGP,CryptoLocker,CryptoLocker
1B5Kd9mrTSWEQTaDBHKBN6GihCGZmXm5zx,CryptoLocker,CryptoLocker
1CkwD26HPNaDBwUjQK6ZPmfpmWH1aiDHUa,CryptoLocker,CryptoLocker
1GuMjHnyQZu4gBWafWavPbou1JyPwXK47K,CryptoLocker,CryptoLocker
1AuLU5UTfUgkoVXe71usKSBVs8pVL63ee,CryptoLocker,CryptoLocker
1BGXqSRNsu5iRg8uncjVijQ8pr21qhoLms,CryptoLocker,CryptoLocker
1Dfe1Ee5pR9jrXUTBwXppyJnE1u94VHXgS,CryptoLocker,CryptoLocker
1FKQJEkHfjoMF8qoHAo61JY5xJBJ6ii3i3,CryptoLocker,CryptoLocker
1Frb6RGwcfgKVZUms9qK7dTSaXHe3PCPrc,CryptoLocker,CryptoLocker
1FxUUjptNH19GRgzCHUyKxYDLhfHjkF3Be,CryptoLocker,CryptoLocker
1HpYsCSvKNdCzrogATNMVL6M57HT5tsDN2,CryptoLocker,CryptoLocker
1MZCuGf64nLbHYvwbhtzbeK1sePHv1sheP,CryptoLocker,CryptoLocker
13tLwm8L9Mn9o673gQE6RqtD3ZLoms7KMo,CryptoLocker,CryptoLocker
19joSY2NHVpY6r5dEsjN7XJHMQV6tmT13s,CryptoLocker,CryptoLocker
1BqS8dMRACgDYG9fjEMAciVmpadfkfB6XQ,CryptoLocker,CryptoLocker
1DbpAAbScRJT5UfjF3EPS7ivzsGutwZxnF,CryptoLocker,CryptoLocker
1Etjj5vSRK84K7bBqTuA4QRk67VW6oNHYe,CryptoLocker,CryptoLocker
1GrRWvrybiUvec2Y47zACSJv7CvWCvfJUW,CryptoLocker,CryptoLocker
1McNzE3pBqaWVekg8w9HsKq7tCSnfZzGmQ,CryptoLocker,CryptoLocker
16iLGNLtrjd9AvcwbFD71DcGGgFfiNsE52,CryptoLocker,CryptoLocker
1CxS31o4qhUr4cw9vUEfePMhD2jnKP3Hrr,CryptoLocker,CryptoLocker
1MYQj7B3Vhu1ZWdbAPdZSNBvhL8JPJSUjr,CryptoLocker,CryptoLocker
1MwCwmKezKDkVeJo6XB3wgZAoxebWpRXCb,CryptoLocker,CryptoLocker
17n1uri4Eh9uLQ1XWpjed1EjUrNkYTc7eB,CryptoLocker,CryptoLocker
1BsvfnCoe3iuEsFAYuhVZ8s66rxJa7ru2n,CryptoLocker,CryptoLocker
1GDmRSVDs1zJqFGeqYfdj2Kfuh1t3E2bSx,CryptoLocker,CryptoLocker
1LqHyKZSX7mCY8CkkvGv7YLPcnuNaLaPbT,CryptoLocker,CryptoLocker
16Nx7bZcH5MMoK9W8tWS9EwrLn1bdCFs8d,CryptoLocker,CryptoLocker
18Mfsc5RVbzij1kew5HFg5nxdkDLd6knNp,CryptoLocker,CryptoLocker
1D648snwLuSVdYM4qbxABw5szAMHHhMaEw,CryptoLocker,CryptoLocker
1F5tpCmvn3KeLTX9ots93WvcezdJW9K8RN,CryptoLocker,CryptoLocker
1G5e23N5rc8wW2myUpxU4A2rnFkFCpbFFU,CryptoLocker,CryptoLocker
1GvYfozt24QbUe37CvovwiVXaneybAD8cY,CryptoLocker,CryptoLocker
1MGWmqH5V8xYChCEpwBQvaQTdNqyBBbBPi,CryptoLocker,CryptoLocker
112gXL4AeJ62DX3htuLhBc3MtY5U6X5J28,CryptoLocker,CryptoLocker
15LVzgJ27r8utkvVh3eu11YQ61s9TvWQib,CryptoLocker,CryptoLocker
166yMjKQsEFngzBr4Ds459dmtWY4hGepQ5,CryptoLocker,CryptoLocker
18Zw1k6KMiVay8ZKMAS5G2VJ9mr4JrG6BR,CryptoLocker,CryptoLocker
1DufCcsQhTDe2cTP791PmXNMqpNhoTZcuZ,CryptoLocker,CryptoLocker
1FEVrDSDcrG2wc573XSSnJGspYpAsDnsRH,CryptoLocker,CryptoLocker
11PPZk89SHxR3p42mrSof5P935vqjEA2C,CryptoLocker,CryptoLocker
12rocPJGCGY3FpA9iLhoHEVoGssnPzEPY3,CryptoLocker,CryptoLocker
15QThPdHns569YB8zktusphq36M8ptHFcC,CryptoLocker,CryptoLocker
19X6YnufnD7zsb9GPPmseeEHmGY6ti5qzt,CryptoLocker,CryptoLocker
1K5jNeFdq5KWdyPuPBpodmgzGJaGmVExhm,CryptoLocker,CryptoLocker
16PDrs2uZncAcW95uo9bCiKqR6wc2kWpun,CryptoLocker,CryptoLocker
1Dgn7j9yU3mcxLQcAywneNbiZGieX3JUx8,CryptoLocker,CryptoLocker
1G2zRVPegfy5HuHLASKCSZKd3CHmAN8uFG,CryptoLocker,CryptoLocker
1HNG4iPk8yabUT6ZCjEyrMvxNW7j5LMeWz,CryptoLocker,CryptoLocker
1KLRDsmKeMfhpeZbsQrCyZEKHMsrFGM5aF,CryptoLocker,CryptoLocker
1PUs44SH7nQuWQNPU5d5J3Ffg3F2gVHnYU,CryptoLocker,CryptoLocker
18TzEwoQy8JhU3m8fufXwThEqNet9j8Yc4,CryptoLocker,CryptoLocker
19k3qpwke9NkxKoW2VExEa1ZvfqYrqGgL1,CryptoLocker,CryptoLocker
1CxQg4jdqQj1mixiorDdvox1nR3g4QKchy,CryptoLocker,CryptoLocker
1K86Sj4TdxM8c74Qyup2Giy5aARQSQruU8,CryptoLocker,CryptoLocker
1KvqosZ3B996QwPg3w51eCZvorj5gVUFet,CryptoLocker,CryptoLocker
12aL61BCyNRekqFBtS51VDFR6MdksUntKv,CryptoLocker,CryptoLocker
14curBQwDVKMLFXmgdUN7TfuznBdhMh4yn,CryptoLocker,CryptoLocker
1BgBX4AHDDyCNaHFUFdgn9HpUUbC4uNGuf,CryptoLocker,CryptoLocker
1GScutZzoHy6iGPC5WHqWkbjTUgXibXPfV,CryptoLocker,CryptoLocker
1HuY8s3zB6msu3Kv7R9TtVctReyVbyuicQ,CryptoLocker,CryptoLocker
1B2RQYvnMbcZaT5D3vJyaMpMtucCkpiSER,CryptoLocker,CryptoLocker
1L1xVgDnRxjyurETBDcwRe3cc7B6b65YhE,CryptoLocker,CryptoLocker
15kXk9a3LbtECeMHpWE2AqTvPcu9VTaTFp,CryptoLocker,CryptoLocker
17ZvHicccwcUb1NaigC3sAUWmLpLP8PBwb,CryptoLocker,CryptoLocker
1My2nTaiG7bbtBdjUUw8huReufaoVRwLeT,CryptoLocker,CryptoLocker
1P1BPwJxv69X1Xy5C3bwfwNk7hnXKywguN,CryptoLocker,CryptoLocker
179kzdaG8xB3DsyWewb1eGqWD6FUQCdA3D,CryptoLocker,CryptoLocker
13yG52BQFEGRmV5RdV6iex7nrhhkPregjg,CryptoLocker,CryptoLocker
1EEVmrKkLP7LmBVrrX9YAP3JwKVh31Covx,CryptoLocker,CryptoLocker
1QEV6tBzNucZMmboMQ2XyAVkfgmmQUttgv,CryptoLocker,CryptoLocker
1LB6eL1iGZsJVWfhDLASmU2L9o8PhEzcc7,CryptoLocker,CryptoLocker
1QDSsu2oNhj8BcVXrgTXCXgYkHZ7kH9qx9,CryptoLocker,CryptoLocker
1SXR2ySM2pQZuG28ikGyQTq8D6srNCWUZ,CryptoLocker,CryptoLocker
19BTA3VVJoDBSfn6AXZBG8b4w78YrNovQi,CryptoLocker,CryptoLocker
1LHU63UvVe5RRxZqcFZX1F1gsV2Z9WgXXw,CryptoLocker,CryptoLocker
1MCPK5yQZnPBCYFDLsDtuHxxqDyAqoYtMG,CryptoLocker,CryptoLocker
12cZEAGkTCnHmvgKP4GK1jXq36WrUkDiMh,CryptoLocker,CryptoLocker
1Hnvz3SpwZmoLZagPpN25ja4tDbhaxzn7K,CryptoLocker,CryptoLocker
1QLM5zosykAuxH1FVS3i7xCBetgN6r1Mjr,CryptoLocker,CryptoLocker
14A6z6oVDZqD1bSWr1yvZW7TZ6H6axhPWe,CryptoLocker,CryptoLocker
14ETSyJ5Mvi3nXvX8HUjhhr3LSzwqb38Qa,CryptoLocker,CryptoLocker
19e74masnrSRh4PcbWKsHbdi8RKEZ9dmEN,CryptoLocker,CryptoLocker
1Ai8sfxU2E99WiCdwHodRXBjA8rvtiBfLF,CryptoLocker,CryptoLocker
1MouyU8M3sJLKbe6TXdKXZsSa6N6ZZXAJT,CryptoLocker,CryptoLocker
1NxCGZhw3Qgx2qPLiJRsQBwDMR2zKK3fR2,CryptoLocker,CryptoLocker
18Aos3Rx72XdfZVRo6TmYGHYvkjGYRFy4H,CryptoLocker,CryptoLocker
18epejFt7wA1qUrQPsFNt9KSwVo57mYd83,CryptoLocker,CryptoLocker
1EZbow5Ko6YAfrRXQRQwmiuqXUcWwAvC9s,CryptoLocker,CryptoLocker
1NEc9b7C1cYXXHJgpVNfzJFPrYGhDWzFn7,CryptoLocker,CryptoLocker
1Dpf4scF9eaDRFLtyP7esCMztF96FmorUP,CryptoLocker,CryptoLocker
1E78pXnZMUGo6Wg2bkDa5ccodPn2w8fQdX,CryptoLocker,CryptoLocker
18P5UpeD5Dn9F9r2G79KXzwWvdE9Jmxvx,CryptoLocker,CryptoLocker
1BhyNjRFU1Ywa6LFREPNetexsJyArcoA2p,CryptoLocker,CryptoLocker
1GQweUgXZAtzbgrTYCBveUmtmL9d8VTiRn,CryptoLocker,CryptoLocker
17ZJr7yAkosM29f6PhUhHvaU3Y15YKNrvL,CryptoLocker,CryptoLocker
1EqSKJwkFrDZLFxv96MNg9N3XHva4WkS5x,CryptoLocker,CryptoLocker
1NADHfzGxFWHT91D9yyNvx8SQYbTGQygdH,CryptoLocker,CryptoLocker
1PxJj8iogRk8ELea4t8mobNt2LinZGZonw,CryptoLocker,CryptoLocker
1WcrmM6iAHyoZWriGoMW2AZtFDSL8gYAU,CryptoLocker,CryptoLocker
16JNaKgyMpQr8sa1aXF6dV4qNZHwnqEuaX,CryptoLocker,CryptoLocker
19ADVuoShZmUnbRcqRgGqdUBdPkFVEumAB,CryptoLocker,CryptoLocker
1Kxfc5dUiSTXupCd9LRA1ExWp7AsM2pRA4,CryptoLocker,CryptoLocker
1NXeK7sYayLQ8zS3vu8H5how89yGEyP8v2,CryptoLocker,CryptoLocker
1PVanxbhceyGWmmRZzZmRnxZSBpTSSpCaH,CryptoLocker,CryptoLocker
1o3Pqdfv2sEmmMA2Nnk5SAp1zAKavGaew,CryptoLocker,CryptoLocker
1CuYHGqGAaKUr71NtEC3FS7fXqWePpHbKZ,CryptoLocker,CryptoLocker
1NhyP78eyK5HpBRUm8wwqexxYMP6BzBoRa,CryptoLocker,CryptoLocker
125FCpENaKRu95psPP8gETM9u2EmvfAhF2,CryptoLocker,CryptoLocker
14emJ6fqWxjj3ptxG7z6BNGxUCpfwsMLaB,CryptoLocker,CryptoLocker
1Lr5vY8SD8wC5UoGmFW1MiWcXSzFj7sKcj,CryptoLocker,CryptoLocker
1MFFrqqbHSva1VTXoLN9dVVgqS2kNVmjUY,CryptoLocker,CryptoLocker
16pWYY5LnZZnZQd6cy2bJkGzic2WudBKMc,CryptoLocker,CryptoLocker
18mK2prjL1zWtBkoyUjykARqk3LV7QCvT8,CryptoLocker,CryptoLocker
1DCv9RXyixKc7UGBBkr4BrHaYSVTm2YheM,CryptoLocker,CryptoLocker
1DtpRU49A2obVy3EHn5fAAkJrMhaLxgres,CryptoLocker,CryptoLocker
1J34YyQmE54oZKt2JNZnsbsaVbFg4Ff8eV,CryptoLocker,CryptoLocker
13yhUDumXgcaoSe49GUjwCPYbrcibEhCx6,CryptoLocker,CryptoLocker
14Q4jSxZUFVxQbASEbJvVKaa1e31copxaE,CryptoLocker,CryptoLocker
16zenZ1MCjchhEN9v1cJ3wz7yMqvCZftbx,CryptoLocker,CryptoLocker
19x162B3eTSxj7kHWUR1VZqY1D7jEEFLLE,CryptoLocker,CryptoLocker
1AX1RHv4V22VuMPLLbKh7umU2jTmcRV4TX,CryptoLocker,CryptoLocker
1AiwWRruAVp3HemMur9qrW5A3Q7eP6kbQa,CryptoLocker,CryptoLocker
1Bi2JWqZgZuVGgWT998v5WA9hX8zR3RKwi,CryptoLocker,CryptoLocker
14uF69M8vRpnbg8tsKVsJZ9jE9LtpyNBvu,CryptoLocker,CryptoLocker
1F44Shxjz5M6hzvReUxQVPu3PCaPCLQhAP,CryptoLocker,CryptoLocker
1JjUch6gcdJb7Puq1qb4Lgmnyr88QMkYBr,CryptoLocker,CryptoLocker
1Nb7ULYgbkLH8Agx8AopVMVAEjnXHzTBSm,CryptoLocker,CryptoLocker
16y6pGWVqbmJxN4ADT9PAqoUctWz2WbmuL,CryptoLocker,CryptoLocker
1DtAsUbBQP8ZzrkYUjNwZ2zhN9eE4FkrGt,CryptoLocker,CryptoLocker
1CtFWbp44gvmejR93rbjjBNGogsb1vdN8R,CryptoLocker,CryptoLocker
1MSLaH4DU6ChbfGHvJH4twBFpMEpygvBkL,CryptoLocker,CryptoLocker
14SzQfcmCt4w6Quj6HKTfp5uRCeFrLRWiF,CryptoLocker,CryptoLocker
187Fwi9MGJ4N31hcY6YNK8L152C755HmqU,CryptoLocker,CryptoLocker
1BwknQgBUPGXbc7GnPrscdyoYqHieZvEAk,CryptoLocker,CryptoLocker
1uuFEp5vLJyJYRZAtDWK2ts54h4wRspA7,CryptoLocker,CryptoLocker
1CTM19Ri6f47VqqD5JA8L2v6tytttHejqq,CryptoLocker,CryptoLocker
1ELUocTovrxSoQCo5b1gGmDsdX2fxzRjfk,CryptoLocker,CryptoLocker
1Ef9rhrecpU85ZkZsxKRLUS7GrgweHgdjw,CryptoLocker,CryptoLocker
14KAWNfwFjmKWLus1kPtJN6Dhirpu6LKT1,CryptoLocker,CryptoLocker
19LwEWuBDqaHHG3sCmmoXqfUi7E4v8S8Kj,CryptoLocker,CryptoLocker
1AgygS1d1A2YEowiLzTb9HHTdyxZcFhwbh,CryptoLocker,CryptoLocker
1G2UPRzDoxBd9bhRGpVjJMsGyn6H2nnbra,CryptoLocker,CryptoLocker
1KfY1pzLRHDPHzGjzqHyfrKmy3Z2Z4ifeW,CryptoLocker,CryptoLocker
16mxyjFfFtQxUR7tnUCfdbqkHCkhv95AFc,CryptoLocker,CryptoLocker
18upRKhpRr2GMtUW8cR6dWMNJEvzQXbQKc,CryptoLocker,CryptoLocker
19neLSmWpAy4Kv96XB2ZdU6VtP7pJ87q1q,CryptoLocker,CryptoLocker
1CqaXx62G9hMCds5FDiLDgJSDLhT2xdM3v,CryptoLocker,CryptoLocker
1FNEYSC5S2kP9s54iHxr3MF5cJtPismJMe,CryptoLocker,CryptoLocker
1FomF7gPpjvmhySGWNuG33zAPq2sBCymLu,CryptoLocker,CryptoLocker
16ffTM4mix7CWRjAF4WEgeRTWoMifyarkN,CryptoLocker,CryptoLocker
16spKTwvaiH16QvLo2Gg3G5WB6VvbJR6B5,CryptoLocker,CryptoLocker
17qvywrovR7K1WGszK4dQ1wmH4FpkiXukT,CryptoLocker,CryptoLocker
1FfpF7bcUNghqvWJfV8D7yeSwYMxKAgLSi,CryptoLocker,CryptoLocker
1Md5FA9B7yAK1sC5yJS1tF5zNTExKogcuX,CryptoLocker,CryptoLocker
1MfZkGJiE4E4SEJzAhVjHNNBPYXLcFihyq,CryptoLocker,CryptoLocker
1NPqptRx484Ntyt8SuZRPKVsekJHeYjTme,CryptoLocker,CryptoLocker
13ff5Vv4eHsaTzViFwEiwWoJXN6Wa3a6fH,CryptoLocker,CryptoLocker
18wxVCTAmN5FHUwy43fb2UnMGgASVd49nS,CryptoLocker,CryptoLocker
1GEjEyxWy1qf86phrRZb2tms6LegnWVp8X,CryptoLocker,CryptoLocker
1JdJ3qFFBnXbMSyuxFosniB63RxxBGY6aj,CryptoLocker,CryptoLocker
1KcCWoyq7YzBXsgoiEenXS7EtksmYFrEqb,CryptoLocker,CryptoLocker
1KiJiDFptxgogXb6iMfvsQ3bdfaZrUXuFs,CryptoLocker,CryptoLocker
1DwwPSfWQcDcnYbJi28xSPDuEbGdKP8xVT,CryptoLocker,CryptoLocker
1KFqey6J9NP2vvUCpgEuvk22iFysVqCSPt,CryptoLocker,CryptoLocker
1KNtsQb3iiJFvHd5PuEycLNM4fNWrjYJmV,CryptoLocker,CryptoLocker
1Q7VtBNFopXPyUKvprmZ2vJTYTNj1ziwgj,CryptoLocker,CryptoLocker
1HEJo6qYfSxnFmCtGE7AzCE4hgBYPrdbt9,CryptoLocker,CryptoLocker
1L7WevwfDj7AzEXfi9j1BbAYyCZhjKLvBv,CryptoLocker,CryptoLocker
17pQa7tq2QXf1sAwkiGxXuUAWXtkfkeFJq,CryptoLocker,CryptoLocker
18Xw5DPdX297UyFdUFZGiBbsQ8wizCfuYm,CryptoLocker,CryptoLocker
1ENGPLueAywrcnFp5LaePDq3oartyG9C1d,CryptoLocker,CryptoLocker
1JT1Fd9pL8D3mTuD2j5gCTKLgQ7Za9hUyb,CryptoLocker,CryptoLocker
1P5BQ16UjFuye6mw29gqk83uz4sRhDvc5V,CryptoLocker,CryptoLocker
13uuVPXYttgZ7w1nMiLSWeUHkRRri4pubb,CryptoLocker,CryptoLocker
1NCU5NpWY9R4cGpTyzpcX2kmR1a2P9aiR6,CryptoLocker,CryptoLocker
1NmnkzfqEtaLCSjVAH3sc2cXgAREz21dk1,CryptoLocker,CryptoLocker
1QCttxVQLvJMGGR1LFsRNxHfQeNWvH6zW,CryptoLocker,CryptoLocker
19HwEfksMj8NG7SWCA8T8b44GQ9uanFYz9,CryptoLocker,CryptoLocker
1DCyZLjUbSCdWpqJqhx1pQhcPpz8CSA41T,CryptoLocker,CryptoLocker
18tmXu82Lqqwxw6F9JMJiTHV4VJTMSy3W6,CryptoLocker,CryptoLocker
19KjqFLy9kHxNLB3JguoBHgeB1KEqJYH8M,CryptoLocker,CryptoLocker
1ApY6uap9fCTHZZTnJLoFg5E6a1BRokfda,CryptoLocker,CryptoLocker
1DEiAbvToEZDSvsvwzTdGz6BJ6gc9Wv2PB,CryptoLocker,CryptoLocker
1JWU7NpCp6is2mQDMF3mrtvnqtspU8b1DN,CryptoLocker,CryptoLocker
1Mz8NVbYkWY1c1U8CsFKSZHa8VAzU6Fjd2,CryptoLocker,CryptoLocker
1FscKAWjfRAF7SQ787psJYtHcKRrCsTZC7,CryptoLocker,CryptoLocker
1K161NcB1ABYfK4dHUQ3TfLSJfzwbxr7Vd,CryptoLocker,CryptoLocker
1Jqxj4xGX4T17fvSAzeoJygv8xUbeFJgRq,CryptoLocker,CryptoLocker
1PKqNjJ37NEbd6w8YSXzrTNiLj4jPtScUZ,CryptoLocker,CryptoLocker
12eLDXkpgh8ZC13m18dAFBREXSn4Vza1uP,CryptoLocker,CryptoLocker
1778v1wCoMxDgNkox65h4pYghXrFapnvKf,CryptoLocker,CryptoLocker
17AFj78JnAXnPtxAdpRqXwiM8uk3i8ourS,CryptoLocker,CryptoLocker
1DX4wWS6TsTS7QEBxhRDBigwUtbUUAip4i,CryptoLocker,CryptoLocker
1Kiz4RuarJW15dVJui59cZu1HxWg3AaFeB,CryptoLocker,CryptoLocker
1MFmXWpxWb5iURsLhLK5cPdG4x5ZHP4a9i,CryptoLocker,CryptoLocker
1Ps7VKoKheZggkT49aREmxmaDzCDSS2jJJ,CryptoLocker,CryptoLocker
1Q4W2DaHg7WAYunf9tPknTSRWLZwHaQGJx,CryptoLocker,CryptoLocker
16zWbTWvW29896wyu1E66cn9CjoFVbWhM7,CryptoLocker,CryptoLocker
1FA4FNjfAqvSmCsouUGQ6mLZ29YBgCcrP2,CryptoLocker,CryptoLocker
1HYHeBkQ8fgPFEtKVkCjCouZjwEbTm2HMW,CryptoLocker,CryptoLocker
