1LPgKoErPUeM92SDY5axJzYCdQbeiRHD6i,DMA-Locker,CoinJoinMess
1NaRMgB35pGH3hpoYYCUm4cKatA36pxtxs,DMA-Locker,CoinJoinMess
1C8yA7wJuKD4D2giTEpUNcdd7UNExEJ45r,DMA-Locker,CoinJoinMess
1LygTHjQtprX5wjjVjNZVCkD9J5ySqxgD9,DMA-Locker,CoinJoinMess
195HTsxqzEYxM7sipRtV8h8veEKgJx46Yz,CryptoWall,BTC-e.com-old
12anmyox2hSQ48Q4v44b2vs2anWMaPguyy,CryptoWall,BTC-e.com-old
1E5RVTv1SKYQGq7uPgRQFJSrzK14osFTuz,CryptoWall,BTC-e.com-old
1Eoh335a7TamRCwYGfDAP13QvSceLGsmEe,CryptoWall,BTC-e.com-old
1JVTZofSAggkv2uNgZhv2UXaiafWjCdsFg,CryptoWall,BTC-e.com-old
1336tGtxoZhB7AWtjf43dsQnuvPgxmShFP,CryptoWall,BTC-e.com-old
1LH1QddJttMk3gjXp3eMtEb62yyXvApd8z,CryptoWall,BTC-e.com-old
1GpEoLfAMBZ82vgPrRtqaeV7S1MBUTxMTD,CryptoWall,BTC-e.com-old
18qJBHyWmXHAmmZgBFzuuTUEth5AhYPCnc,CryptoWall,BTC-e.com-old
1HQR5fZJPVffcNzGbCbapxw7u2hJjeLM5,CryptoWall,BTC-e.com-old
12RuQpQJcx1CJpQ6tA8S2diCMLkTN3TTeM,CryptoWall,BTC-e.com-old
16sc5WPoj9yE122owqQownvPDxFg9PVJxu,CryptoWall,BTC-e.com-old
16mDxw4Gu4JBY1ZqB7ASkbr7bQADS9Er88,CryptoWall,BTC-e.com-old
1GLrJkTCkGoPq58yQ4s5qyRgAHr4nhRXYY,CryptoWall,BTC-e.com-old
1JFz4jcJyKdoJfEzND4MCmabfs5TzRS25k,CryptoWall,BTC-e.com-old
1MHya6pK2JRRpnKhayyvXM88BK6f9Xekyp,CryptoWall,BTC-e.com-old
1BnHfp9KdhHpZWmVihhdd56DvGdq4oT4gd,CryptoWall,BTC-e.com-old
1H8CitQCZES4TgNyu1cWngepg3raQUmPh7,CryptoWall,BTC-e.com-old
1Hdzg37giYsErzGeG6vQbpyW59PMJ9NiPV,CryptoWall,BTC-e.com-old
1LrfYvEZFQGu9eLhLMnt3aKAUSLg7QsdB5,CryptoWall,BTC-e.com-old
15Tj7XzaNMegyAWG3MWxy7Lg8N7tEyFUCQ,CryptoWall,BTC-e.com-old
1JPtx1xxvRS74HhwRdna4yUvjBtzQEsuQ8,CryptoWall,BTC-e.com-old
1F6jiWLct4k2UsHkicuPYqPqenja6sSNpN,CryptoWall,BTC-e.com-old
14MKp5CWBHhwpsGNb1zjjyd44WYybP6cXK,CryptoWall,BTC-e.com-old
13pdrQSob7Lhc4FcBMyejZqnmrCkrHzKuD,CryptoWall,BTC-e.com-old
1NfqHLdRp1VhiM6rbJjqozPcS2ozJ5RdBe,CryptoWall,BTC-e.com-old
1JD8AnZT6nNhCducq27PZy8udCqaCDeQrY,CryptoWall,BTC-e.com-old
1BkTDb4AKWPVkKk6fvGdMC8X9NiPDNrADd,CryptoWall,BTC-e.com-old
14RfmtsLyyA3m219Kw6hmdAXRqgvXipB6C,CryptoWall,BTC-e.com-old
1P2EzsXZzNDtDwTT4o3kkxj8wGbsrDK81r,CryptoWall,BTC-e.com-old
1MxsZfDmFy6Z3sHT7KUkGgTxJuMSBewEZ5,CryptoWall,BTC-e.com-old
1Gc16JpVUiEFUsJAwyWKckGM1GizdLdFKr,CryptoWall,BTC-e.com-old
1utbNPUaVTXp8Y7iEJNTw25SGFGuuG3dX,CryptoWall,BTC-e.com-old
1GAi7jNhtbWZAJ8hHj7VSomeBRbMP2EMNU,CryptoWall,BTC-e.com-old
17jCMkp6ESnaC1qDTPPpEDX4o878usyV3i,CryptoWall,BTC-e.com-old
12DXgDmA8Qt4jLtnPsvPBXMciZHhVaWNKa,CryptoWall,BTC-e.com-old
1Fw7VwKo2uBJmUEHmTvzqEvjZoQCaa9y1k,CryptoWall,BTC-e.com-old
1Cj5EUU8yP8AVkqs8xFx8t87GMvyLNYPTL,CryptoWall,BTC-e.com-old
1PvRnGHAUDdbk2CsJydwYKQxQ29peMAfoW,CryptoWall,BTC-e.com-old
19sDq3c4CLH4aj1MniXMBW3Eid95fe5Jkc,CryptoWall,BTC-e.com-old
1LcL9QZnDXcpcRKJhT2eAWGfEJvNTJDfJj,CryptoWall,BTC-e.com-old
17hubpqtbqXSuErg5JUGbJwPa4Y2jdGG4,CryptoWall,BTC-e.com-old
1Cf9Gk33bisUX2w5R2vMDP6q2QhQDZFURR,CryptoWall,BTC-e.com-old
1LHWrLY6jiyms6PEgJEsFuMDVAvSqWpa4P,CryptoWall,BTC-e.com-old
16xmnqNKytsknhCBhYtSVZVLjX43o5SFTx,CryptoWall,BTC-e.com-old
15VmaNUYiWykcut49k8p9F6XPkZuzBfvts,CryptoWall,BTC-e.com-old
1ExkXXDuSR2Uj2nhCUrtdmLxD4Fg9NEdq2,CryptoWall,BTC-e.com-old
1CaFF3Mmpza5gBjiMUeL89v6k95KYNrATD,CryptoWall,BTC-e.com-old
1H6XX9SAy9KiLrUMuWChRKGiYbzPYiu5kF,CryptoWall,BTC-e.com-old
1CjuQdVJCg9gXVfFj62X33TfmfhtjjWu9m,CryptoWall,BTC-e.com-old
12WiBdo943pwYhSaLTjZnwxKoXx3LQcxnQ,CryptoWall,BTC-e.com-old
1GNBud55zi3PZGnXpCMQEXKTYdp6dqeTsS,CryptoWall,BTC-e.com-old
1Q4SSpCYWxFiFmf2ZEGVD9PimfkzEaVNDZ,CryptoWall,BTC-e.com-old
1NE5Fgzv7dMpFTct48FT9asUFdfEo3dZ63,CryptoWall,BTC-e.com-old
1NvMR24GyooUwVDN7uRFi6KdMjwQyDfEDo,CryptoWall,BTC-e.com-old
13YdWb1gfwpEJ5q2aK2asBJUvhGPKKqMj7,CryptoWall,BTC-e.com-old
1nMPHRyXZr6z9ugBFpjykHXE1CkVjCi1u,CryptoWall,BTC-e.com-old
1QATitB1dpwdGGttkyWs1Qn9Hvaw2d39UD,CryptoWall,BTC-e.com-old
14tAzroGPSGEdJmegpSYUtpiAwRW787dPM,CryptoWall,BTC-e.com-old
13N7p5955kNiwSRvoKDFcyyvtsvFPtAUDs,CryptoWall,BTC-e.com-old
1DZTCEaymSCiWZfgDiK5EtXPUG2V7vdWJt,CryptoWall,BTC-e.com-old
16mEj9HyNKU5zexVJC68w9tKe6FZyA4bdW,CryptoWall,BTC-e.com-old
1KKA1VvgPKHybsuc7RJWXTtZEcfKP7o1Tf,CryptoWall,BTC-e.com-old
1M6FzvBxFHJ17SPUp3djXNEK5ySNfzJB2W,CryptoWall,BTC-e.com-old
1NyH1TpPv7iwjBbSQQXW8no18DTt54aL7D,CryptoWall,BTC-e.com-old
14qqwGRH2zNJ9CUf7a6CJfrn7Z9ncfrzRv,CryptoWall,BTC-e.com-old
114eDjVXXAQKVEnnJLTrCmTDzh7WSsTGz1,CryptoWall,BTC-e.com-old
1MhD13Ga4VU3RdW8zjZebrsetuduN8QesA,CryptoWall,BTC-e.com-old
1ANPKF5wbMqrc79hmszmkUqxQXM99ARqqV,CryptoWall,BTC-e.com-old
1CPRnS4WtwyB4Xmft3LvA7EQndw476uNSe,CryptoWall,BTC-e.com-old
12ssHLNgGAW7GjpvwoDiAVgGkCM2sZDCqK,CryptoWall,BTC-e.com-old
1Av4poB3TWPoNkcR32ZNggdmMUZaRG96NL,CryptoWall,BTC-e.com-old
1DMi34Z3URQjiz8RD77pRjQjW4UawQeHt3,CryptoWall,BTC-e.com-old
13hbCgy6ecm4AABsrd1Mw9uEXmDYf1Bx1Q,CryptoWall,BTC-e.com-old
18jE711b9pGrTRrJNpV21RNcGhDHXVp31W,CryptoWall,BTC-e.com-old
15dc4icWfXmg5PF7CFQSk1g1ShzJDPxfjg,CryptoWall,BTC-e.com-old
1ACxCvCd7ieAm1zTnoeWdkbUzU8DaCjwBa,CryptoWall,BTC-e.com-old
1GVQk3zJDuG7USQKSBJ81R1x4fkbTLGTGL,CryptoWall,BTC-e.com-old
1KqCoWDW6tjLa3Rm7szp5qKCHsg8QD542j,CryptoWall,BTC-e.com-old
1CvJkbnjVuD6MmPZyGS3W98vw7r7dk5XV4,CryptoWall,BTC-e.com-old
13u4F5n8XJgEac4kkzrzBu9vifQix4tqCB,CryptoWall,BTC-e.com-old
1819EXqFFh7m7476TN4GvUyGzfCnQtXRU2,CryptoWall,BTC-e.com-old
18aosMwhZ6zzUBdDxJTGmoEAmjUMxQwzma,CryptoWall,BTC-e.com-old
1AkeMFFCJJakD3UE61XL4rFRsumy7hsw83,CryptoWall,BTC-e.com-old
1G1WJkRHY2KvsTUJBqa6HGksnxaF9qxmLE,CryptoWall,BTC-e.com-old
12teR1GiapnsTQyjrWvFeqNmv3ZghLYPq3,CryptoWall,BTC-e.com-old
1QHjUhrskhJ2wP76gYW1YUHXFx2pVon1qp,CryptoWall,BTC-e.com-old
17vegJgEd5ovnwUv8HrQ9E6ynhTMCkVFLJ,CryptoWall,BTC-e.com-old
128agG21qthVy5bmF1QmrXUtrVViPsdiio,CryptoWall,BTC-e.com-old
1A7w1xwgmSmZThbDCcXuWtqgtfYt3aJfPB,CryptoWall,BTC-e.com-old
1BrUAaXqTTwpSSvDhRmEnG3EwjaRWQVACc,CryptoWall,BTC-e.com-old
1Q8in9LTbNMivEUykS8ZMzSZMhQorNYyEj,CryptoWall,BTC-e.com-old
14apKcEsC9n8YvrRMssW5kZg3mbdXgBbLD,CryptoWall,BTC-e.com-old
1FbCtDBCkyQuEEsdmHNF5CrwQKxS23vAFf,CryptoWall,BTC-e.com-old
1MN5fLcozdgDe8dTvT2kZmHt5dyMVvgxYG,CryptoWall,BTC-e.com-old
1NFi1Ww8Qqg2hu98pdTL8xuwZZYuEPNM69,CryptoWall,BTC-e.com-old
1PiaTFniLnijRgTfX1MyLW8fHnNn4z3sDs,CryptoWall,BTC-e.com-old
18UnkrLcUJzKe8RRXuJHXAf2149psYn5cP,CryptoWall,BTC-e.com-old
1PFCm6zWXZrnfzUBKYjApaVKwxAi6mxKxN,CryptoWall,BTC-e.com-old
14D36SHotJabQQwPUCJjG42GjXHsC9Di5B,CryptoWall,BTC-e.com-old
12KTjyrW6dAkAfCehaBHM3WAV27EUDMJ29,CryptoWall,BTC-e.com-old
1LWCpuGMNW764qdgpzPS6P2B523uafVa7a,CryptoWall,BTC-e.com-old
12yRb8PyDtMaQYMHqrdJFyjHHHMWDtd3Jz,CryptoWall,BTC-e.com-old
15y1RQ8fGN3PpjxvGVfKD9pNfhCtvHEK8B,CryptoWall,BTC-e.com-old
15eWPBrVWkS5j9xZoZXALbpiUBo5VNVE3K,CryptoWall,BTC-e.com-old
18W96EqqdfQ7HtAq8Vf5DukUCEJLdF3Fj8,CryptoWall,BTC-e.com-old
162kc6cB3TazTfVxDojQyXvr4ocBA8YoiB,CryptoWall,BTC-e.com-old
1LN5XJDnR1FiozuTPubfMFx7YcG7624413,CryptoWall,BTC-e.com-old
12ThGjiuRgd2Di3ZpKdVAX5Z7rg39ZXEiR,CryptoWall,BTC-e.com-old
1LiY8U3spkoBz1facam91eG2UZ7PgLFE22,CryptoWall,BTC-e.com-old
13cocDD1QjYDcU4WadMfRPxsjgpZguKwGu,CryptoWall,BTC-e.com-old
1FGnvfW9Mc3vBZBekE4TXw88eDqfDfNVsm,CryptoWall,BTC-e.com-old
18ivnp3TKtfggJyLhP4nmQCr6sSUJwxMwm,CryptoWall,BTC-e.com-old
1896nv73MLBX75jPFJF1x1yCFgRAU1Qyyq,CryptoWall,BTC-e.com-old
1PExYdYq7UXRi8JgYhBqTsLWbE1RNTjmQS,CryptoWall,BTC-e.com-old
1JvSBPGG3J3sSkXFzU85jehjMPocuhcYrs,CryptoWall,BTC-e.com-old
1KnMQW6fDbYPGTt5tM7arqRXrgpEXXkjME,CryptoWall,BTC-e.com-old
1BiKzsdP5sMS4GB6kN2HTe65eR6DJgYUQX,CryptoWall,BTC-e.com-old
1KsN1Ny84Vyvoxy2fQhtQ9bkLcgwJzYDGe,CryptoWall,BTC-e.com-old
1AQg1r4evYZzKL68LRH7Nw1Qwex59aWPCB,CryptoWall,BTC-e.com-old
1BmiQdpo6nEibS6nDmA3PB7UsGZDwY3sXW,CryptoWall,BTC-e.com-old
192ZKEARD83JRFRNw4apJ325pfiNp6eazu,CryptoWall,BTC-e.com-old
1Nmq9gfXkFqReQnDz7WyzAB4qmebiFCJW,CryptoWall,BTC-e.com-old
13hcKGNFMX3XD2cft5ASJgifnrJHrzAAJN,CryptoWall,BTC-e.com-old
142ziRDn8sFYLoB5hxqyzCRfNuX21v6rAX,CryptoWall,BTC-e.com-old
18psAJV9zXTMAvJGzYd12rSTQYLZJuMzPs,CryptoWall,BTC-e.com-old
1FyoKhTpYWbBGxB9J191Gjrqo63Q8wMrhj,CryptoWall,BTC-e.com-old
16XRt2aTqfDvjLhbs5nZkfJhgLucaKWTt1,CryptoWall,BTC-e.com-old
1Fqjv8pF7mXs47Ui4veQsjU2tUxNPNeB86,CryptoWall,BTC-e.com-old
1AhhUCUprhStdmXHSV4CJpbvCbD6ehKkzy,CryptoWall,BTC-e.com-old
1BF9vrcBP9c5k5zRTSmKdgxePqZ9aFjoeL,CryptoWall,BTC-e.com-old
13ksuQE1PcvWxEESi7THTqtxuDtAwwp2xt,CryptoWall,BTC-e.com-old
16JBKMwzA2vFRHLES5R7F3u87s2DG1PLDH,CryptoWall,BTC-e.com-old
1DC8Fr68m7bYkGGjfa6khsaNdfmuWciSx9,CryptoWall,BTC-e.com-old
19RduzmM2jzkvpnnzncYBXb7YBhpDpRSjV,CryptoWall,BTC-e.com-old
1J1R76qfjiJbUTJZBVN36FuJmFukYWSToZ,CryptoWall,BTC-e.com-old
14r22aUaPQ3v116uUdQciwMeCFXcWsW2zL,CryptoWall,BTC-e.com-old
1NpctH7TZy9vk1AcJ3NrmTTs5xCbM5hrXv,CryptoWall,BTC-e.com-old
1DGDYebj5xcLdVMUGZAG6NAUjD19Hzp9st,CryptoWall,BTC-e.com-old
15dLXcCsVL4XbxGdWgUt3LsC2cLPpAHXMa,CryptoWall,BTC-e.com-old
1MpnpubVyEYiLqVG8xXLWzZCLqdEvgBdgF,CryptoWall,BTC-e.com-old
1GXXpLkGKv8d4XmD9zrWm8uvKKzVamSyYC,CryptoWall,BTC-e.com-old
1ys2btdHQ23dLnKcgYC3ztmAd9rQyed73,CryptoWall,BTC-e.com-old
14U8LCyUXzXU8YFYTH4vS1D2tNVGWhicVk,CryptoWall,BTC-e.com-old
1EJwKo7QMtiohoDd8BxSRTxDkMF3CxuhZb,CryptoWall,BTC-e.com-old
18McneC3tUDTEQ7NR8j5x4YXzyGxyKcFme,CryptoWall,BTC-e.com-old
1KGi2yEhGGgRMneptzhB7RNazqgnf34UhR,CryptoWall,BTC-e.com-old
1CjmgijqdbReMZyP8GewZNpSeqYs8pw2cK,CryptoWall,BTC-e.com-old
1F53aiwT4Kii9hdhrdU1k1x65TKbSAVNHg,CryptoWall,BTC-e.com-old
18dtTTPBSR89RwN9dUd9Db5L5kbJFPXPFB,CryptoWall,BTC-e.com-old
1N6cWYZRF7qLDQgkGwnRhc7rFmQhjYkvqs,CryptoWall,BTC-e.com-old
13yFtgvoX3ieRDA9nAuJJRkTeCuBkPjHJv,CryptoWall,BTC-e.com-old
1C2KtmhWj7mMpB4ctHCd2rJztGiv2ooj4E,CryptoWall,BTC-e.com-old
12HsTzen9s5G1YkrdHK3CnVGCE3KLMAjbV,CryptoWall,BTC-e.com-old
16SjuuWbWyz4rECVgo1yYNve82Nyg3NXgm,CryptoWall,BTC-e.com-old
12Kx9J3EiwuhRZQjuYKwytLeU5tN9WdZN9,CryptoWall,BTC-e.com-old
1Nc9j6YddvoJZhWDJYeggLDBYAPQLvCoao,CryptoWall,BTC-e.com-old
1ESJehAj563odwbq4p5tV4UhXFcUXVabYp,CryptoWall,BTC-e.com-old
13i1Nwwvgwb7QpoaERoGgYxzYX3ZS5FvFG,CryptoWall,BTC-e.com-old
12aMYFhq1huEK2rtrsQUERjWzKHfGCYnuA,CryptoWall,BTC-e.com-old
16ZZgsCe5AKY1iJPcSpkK9e4MeXdHM378i,CryptoWall,BTC-e.com-old
15Uc2UKi5a8BZ2nKcYeURT7T5FhzByQKFY,CryptoWall,BTC-e.com-old
12HRE2PqNggR7c6XH9yfvBtKj2gx5f5wxr,CryptoWall,BTC-e.com-old
16a9TvvLQryj3dEn5nkFB9NjyqLa2ePFNR,CryptoWall,BTC-e.com-old
1AcGF9rBDfxn9qBcXT4pYRBX5ThoA1VnEC,CryptoWall,BTC-e.com-old
1JdqZSp43FMnYRiSc4t7PyXXVztWx9DLv6,CryptoWall,BTC-e.com-old
1C5sMWmqaGYouXQah5D2Kn3P8aEEwYcEU8,CryptoWall,CoinJoinMess
1Cc6K6tctSSiehMA8r8Mb4hCcbZrKJgkFi,CryptoWall,BTC-e.com-old
1Jxu4XGT27zrj2eR1QAEpZgUBMZedp51e9,CryptoWall,BTC-e.com-old
1Hs5sX7EBD6M6STru6ic23PP9RPuHRrhSt,CryptoWall,BTC-e.com-old
13VWhVtHLHzvB5xUp4Bh79W53QHK6RT7Ff,CryptoWall,BTC-e.com-old
15BgqU8w1JHFUN9ZF4G8EkG8YqGuypUHHk,CryptoWall,BTC-e.com-old
1KHdwJXJLbuX7e5b9gdsEe6KmoghQTCQoS,CryptoWall,BTC-e.com-old
17mt2ArFBvU2ZLJDs3v9XdJsFKGU97y5dM,CryptoWall,BTC-e.com-old
1DZHZRxkw5GikkBbtoAUNUotqecP8UGYkj,CryptoWall,BTC-e.com-old
13phYeXWxPdBdwpkf55r7rWXPyZ7QjY71V,CryptoWall,BTC-e.com-old
17Hs89McArUxxwGxtvqHfGWaTXCxtbP7FZ,CryptoWall,BTC-e.com-old
1D9LgSfbyJuMQD82xioyKmtioydd3XiEw1,CryptoWall,BTC-e.com-old
1G3KUg2PFtEgrGvQLyyho8jVwpJbTVnLBF,CryptoWall,BTC-e.com-old
1KYyx2BnFaqfGs6dw78MirXFzhRhQbvtxP,CryptoWall,BTC-e.com-old
14NCZSVZpP8Cns6NE78vpP2sqHi6FCrsTF,CryptoWall,BTC-e.com-old
1LgynaRngkLzT9unpLLXQar2zLfYvywqTx,CryptoWall,BTC-e.com-old
16h9MGGDGMSQwdtRzdyMkzKXXa2Lz2xsQY,CryptoWall,BTC-e.com-old
15CJ34RCmiE47hg9W23fLPwZWY2hu1nraY,CryptoWall,BTC-e.com-old
1GknbbuWmP1Xqh3pdmHnBeWpg2gAAd3ywT,CryptoWall,BTC-e.com-old
1KGPg3PEWcoZiwiaxfb3xaBRcXoW8EYv3C,CryptoWall,BTC-e.com-old
1AkGWTTgibVRAJU1XM7jFoMEuxcJ3H1oxt,CryptoWall,BTC-e.com-old
1GdyuJ5cJ9xXUXPUynATFa3nGWfu5L5geN,CryptoWall,BTC-e.com-old
13Mcsj763W23mv2nwGficA4M8NBsX2mJe4,CryptoWall,BTC-e.com-old
1j6QAx2ipu2dEiYUHJ7UAUcWqtxPuVw67,CryptoWall,BTC-e.com-old
17awziL1U35fmM3kTFqTjgeJZVtEL4Urua,CryptoWall,BTC-e.com-old
1N8x2oMuV7JHT7XVHXcqfencdm7RxUQbeL,CryptoWall,BTC-e.com-old
19Af64MeLJDzzQ2cwXuxdSt5Y27SV9mt38,CryptoWall,BTC-e.com-old
1DzDJWVMQCATorpghkfFmeBnmpm4TisAhj,CryptoWall,BTC-e.com-old
1JAQgDFcda4iVFQEdXsV2FqsobdEL6gzUH,CryptoWall,BTC-e.com-old
1KLrAxMqAHAbtbu5bq2akf88HEuXRdQPnJ,CryptoWall,BTC-e.com-old
1PzTt1KKtkKfsM7u2YpawqRECDHjB4Ne2Y,CryptoWall,BTC-e.com-old
1KZ71xADMRv4siH4KZJZkBov4vqThrqELF,CryptoWall,BTC-e.com-old
1Ern89Ppw3YMQbE7AfgpSMuuPMi7b75pes,CryptoWall,BTC-e.com-old
12aMFpqGKUvfTL5B1WJgEvZdDVxEEDD5zx,CryptoWall,BTC-e.com-old
18gC7uutPbsvHatf1uAqH1awt5ENmDLPvv,CryptoWall,BTC-e.com-old
1H89XYz5eQDURQhRFChk1bxAuaWfe5BtaJ,CryptoWall,BTC-e.com-old
17weNLgAirwRegA2mjh4vFLb9UMsuFSAMj,CryptoWall,BTC-e.com-old
115hkEKTn4HUhjJi62KAUgbbW8gkTM4smy,CryptoWall,BTC-e.com-old
18icFEjuDMjfJ8zCGnhSLpiXir65hMf6Qa,CryptoWall,BTC-e.com-old
145D1rpBkWNTtNYZTHzpHwtaPWVcaNDH5G,CryptoWall,BTC-e.com-old
1Azjghh1Fft2cFPL9Epc1Hho7RduQcQKMM,CryptoWall,BTC-e.com-old
1EREV7eP3yL1tLefFRu4PGygSy6TDuUZge,CryptoWall,BTC-e.com-old
1LnywDQQJTw6su2EHQsBtssiKmU9G9m1hr,CryptoWall,BTC-e.com-old
1D65nUALSBDM8sk3n33Aw9MExgkvKeMWtp,CryptoWall,BTC-e.com-old
1LAnPM2y1QDWfMKRgYM8ZK1UvZ3un7LuZG,CryptoWall,BTC-e.com-old
18zLaq4UWu8QGSyeaGUnJRW5EKD8RAk1w3,CryptoWall,BTC-e.com-old
17P7qbdnLkEunCRpCfLbzPtms39JvXXjdZ,CryptoWall,BTC-e.com-old
1Cxdg7gP5xDTxQBLiCc5fBXcGR19jontn8,CryptoWall,BTC-e.com-old
1Jf8jGtZT4Kok1J7W1SwWGNP7J2hraXGmL,CryptoWall,BTC-e.com-old
14MwMNgGx56muLuHNEp8MmmFR5eQnDQWsu,CryptoWall,BTC-e.com-old
1GxuirUXmqaorHaWgr8ZJRiNUiADDufPhs,CryptoWall,BTC-e.com-old
19dWBSYNu7fjPzyk1uU3SuaefRhpmr1Znr,CryptoWall,BTC-e.com-old
12S2VbpyLLNG2KPQubrmjdmpohdN8g2R3S,CryptoWall,BTC-e.com-old
1FosxW1gpM6dkrLaD4Lpnn7ZxYE9mHh55N,CryptoWall,BTC-e.com-old
1MGUNNxkgQup8tCTnvNn5P8UdFB6g1y4cL,CryptoWall,BTC-e.com-old
1K4HMknMBWVZMfv1D4Sixt4PqKcvn3yEUA,CryptoWall,BTC-e.com-old
19vjrBaZ3EbUkHn7vxxLqm1e8b7woQafB4,CryptoWall,BTC-e.com-old
1HRAjKsw75LLAQ2yEghZCYjp7j5E2G4hR1,CryptoWall,BTC-e.com-old
13mbWu7gEnXjEzUaxUbnBJAL8crvBuiCqT,CryptoWall,BTC-e.com-old
1MS6y3MhVq4oxYu6mMA7d75rkuDrcx2BSP,CryptoWall,BTC-e.com-old
197ZLoea7ZNuTpA1G6scJaFEJQorw2pVYy,CryptoWall,BTC-e.com-old
1LEMa7KPqv9pX3NgXhTN5tkSqvPxQobPxL,CryptoWall,BTC-e.com-old
1LCExVA4uS4VxehkWrR8StQVABKM3LKrje,CryptoWall,BTC-e.com-old
1GSrFKJ8VbnQ5GYvdL7u2KBLCX1zUDj26v,CryptoWall,BTC-e.com-old
1Mh4zRQ41zkiU8mGoyT5BfA3QyNo2ZKYZP,CryptoWall,BTC-e.com-old
16eA3eEr8iSwiTKtaW8Roz1TvoqjX8jaoB,CryptoWall,BTC-e.com-old
1CdB1TVo2XvgFiYNxrWabs2v4iDeTksYER,CryptoWall,BTC-e.com-old
1L33T9m2VHLbgjqfLYLenatXF2KV6eqDmB,CryptoWall,BTC-e.com-old
14D3akBCZ31sa557BsaMYrTAXasUnQkzbK,CryptoWall,BTC-e.com-old
1E1znt3oNE61nQxAJTEJuiGs7MHQxEegzv,CryptoWall,BTC-e.com-old
1HwUJTGk3VWUw5sG1He8gXH7h259cgSryE,CryptoWall,BTC-e.com-old
1BFXGb3XHfQ4qgZMMeUDxhuo9E5GKcX91w,CryptoWall,BTC-e.com-old
1Hi8Qd5dduvE5jTfujrxPjZ2ZsGpi8QxjW,CryptoWall,BTC-e.com-old
1GxtJ1MARgcu7f7kyD3zs9qpJqBBLBRz9e,CryptoWall,BTC-e.com-old
1NihtcEY81AXVjA5qzeLyVxH28Ls6AQP2T,CryptoWall,BTC-e.com-old
1A2ACn6bveovt71bA3temt4PbEjoxMJBk7,CryptoWall,BTC-e.com-old
1DkYmRtUSjzfdHEzz9sBVnVp4iePW92fXW,CryptoWall,BTC-e.com-old
1JXvAG9JuijKwVQYXHcuXA3V3kUsL1Kzmv,CryptoWall,BTC-e.com-old
1DFSn2VXPJZAcnKFojhY6v8FxwnmZofgmB,CryptoWall,BTC-e.com-old
1PchymTwBdWZzahsfxNN3P5X9Vdpxi658t,CryptoWall,BTC-e.com-old
1KXqX95z6bb1m5UorNzTjW425n6BH6SM8p,CryptoWall,BTC-e.com-old
1KJLVZNXx7kagGuB6Xmm695ktESUdDywqt,CryptoWall,BTC-e.com-old
1NDUGMhmV6qZbci9zE2yLM3HfxZbWVq7nV,CryptoWall,BTC-e.com-old
1A9sNY7gBNBom5ZChTRjABJTrXEDsMiiZ4,CryptoWall,BTC-e.com-old
132yVTY9numinfUsAtoanRZFjJKhWz2UaD,CryptoWall,BTC-e.com-old
1vgbR5xi6WYJ5akDkwE5YipqKXfsg21zF,CryptoWall,BTC-e.com-old
1Mi2ENZkVHQqfMtfHPgTfAev7v3P7W5SHU,CryptoWall,BTC-e.com-old
1MvckpXC41Q8r6pRhjGYKrCHoonGK5bdr7,CryptoWall,BTC-e.com-old
16YweKraDWeaZjt7qv3iCfw3TBaHUXYXfc,CryptoWall,BTC-e.com-old
16gRD7YsT2jBbwPdZGQwn2rLjQNNWgq173,CryptoWall,BTC-e.com-old
12De5iWMana691gmS1BA7mKDXSA9r15H5A,CryptoWall,BTC-e.com-old
12xcHorawY3SSxa2a2ciav5n4dySnenhkP,CryptoWall,BTC-e.com-old
1LYNEq6RinTn1ehL4UzTCtt8HtvDZakjV9,CryptoWall,BTC-e.com-old
1MHCamA4dXQbZn3KaE2yhexgogkcMdsjyk,CryptoWall,BTC-e.com-old
17uNjwXe6krpgZK99mjgcNWy2oVoFK6fVS,CryptoWall,BTC-e.com-old
12YmUg3Xe5AHQot45MK6ij4FcQyQpxLgrV,CryptoWall,BTC-e.com-old
1KJyThAPy7ngQkgwsFDd4XeaxBJ6xnTUyR,CryptoWall,BTC-e.com-old
1Aq5Y3VueKNqytjKDCrtR6ydQ1zQbaG7cN,CryptoWall,BTC-e.com-old
1HyTkVyv68rBkYozaLLueMNfGebDCpAFVZ,CryptoWall,BTC-e.com-old
1M3xnGWJDq4MJzby5nqhMKAfnV7VioEnxU,CryptoWall,BTC-e.com-old
17nWhuhhkJHcdLNpmRqUgbtxeUy4aQYRQD,CryptoWall,BTC-e.com-old
1A5RNvqnjGZpZLSkMKYC7exF2cVVYf7GGT,CryptoWall,BTC-e.com-old
1GkkEEGZRWMuur8HSyqn5jQVKKxe9eYHAB,CryptoWall,BTC-e.com-old
1GPYwGpSDJjVeRSMGMTeKSLfSrMq2wnLzZ,CryptoWall,BTC-e.com-old
1Fp654HhJp71pCwis4MJJXDeBpzTSehYEW,CryptoWall,BTC-e.com-old
13KD2B2PHNoESzuK4CHmjkGRpCEiaWbYcy,CryptoWall,BTC-e.com-old
15EVegoUrJ84z2sL6AxG6nQFvjyapvUSFW,CryptoWall,BTC-e.com-old
1EWxmpKbx8phfpBmvTNYiWwivNPULLX6xU,CryptoWall,BTC-e.com-old
16p61gUe2hXBsZwmpTa4wbehBHZ5MCfgtB,CryptoWall,BTC-e.com-old
14Q7s7HAXxBXve6i1zu1R4KsjHP4LLFEyK,CryptoWall,BTC-e.com-old
1Fn4hyMLxgdRqAHAQMnPrEiwQEiVQtCUiF,CryptoWall,BTC-e.com-old
1EDiDSCqt3RhtUQWK27X2RBWUVRiEjTzPt,CryptoWall,BTC-e.com-old
1NnefXA7o31AAL59MuMEjS8WzJXYUKr1JK,CryptoWall,BTC-e.com-old
12eLuCyqTDX1D54TYcShEsjhSFL9qceVYw,CryptoWall,BTC-e.com-old
1MT2ezERdEafjKHxUrjy5mNYEDnssTvHPm,CryptoWall,BTC-e.com-old
1F1TBATJM45XgbY5MwSoHAA2a1PPXtSZ1b,CryptoWall,BTC-e.com-old
1BfT2ngWwa8oqeZzkGAPG9XjuX1TWabVLK,CryptoWall,BTC-e.com-old
17SqScmHpeDm15cTfCEANvRqdojJXiZEZn,CryptoWall,BTC-e.com-old
1JD5AdTsdB6WbKmQ9npvRytz3nuKZao19X,CryptoWall,BTC-e.com-old
1GP3jPzQw9dzg1UQs8s6VGUWPJeTW2HJQB,CryptoWall,BTC-e.com-old
18MSpEEDW2bX7cm7XYbaaMDcJE1v78iixU,CryptoWall,BTC-e.com-old
15LV8V4gmXPvDvNC4sovedY2WUQQsSQv6f,CryptoWall,BTC-e.com-old
12g3nmWHnQnETWGdDFoacGJvgdBNab4ag8,CryptoWall,BTC-e.com-old
1D4cAWBdFtmR745mf9R58q8pf7QqAK8A8a,CryptoWall,BTC-e.com-old
172w81Ms77ctffL1DQV9qJTV1XAsg6JH2R,CryptoWall,BTC-e.com-old
1NeRbqgYkT8cg3YjMSSNupBRNcrKLW49Y5,CryptoWall,BTC-e.com-old
1GuPe9qGfwHiLJdmiUiU7jk5NrA4jDiv9V,CryptoWall,BTC-e.com-old
1DKRnzGPswVpsF82Geo2EPZoxDkZsx9BZz,CryptoWall,BTC-e.com-old
14sH1411V7ovN8dfJFy5MfWdc6WLjz5zLb,CryptoWall,BTC-e.com-old
1ZsK2M83QcqFu1ayZJoLrwXcJtyU7iZQv,CryptoWall,BTC-e.com-old
1FZUa8XMnJaZccW5za8SNiRGGQUCUwnhZt,CryptoWall,BTC-e.com-old
1FnL2p3QvUueSqoHGtBjULdjJfaZqVqBwT,CryptoWall,BTC-e.com-old
18gJHT1yyqf2wfmkaxjnJxwSYcUBSyH5za,CryptoWall,BTC-e.com-old
1Dow6cjprBdo9jthW63t1QEgC3boH6bZUd,CryptoWall,BTC-e.com-old
1PhdfEd2zGrxdX5FKVkXZHvEt4MpKgH6wY,CryptoWall,BTC-e.com-old
1MPa2kWxnA4HLptviR5EWwuYXHiSc4vEvX,CryptoWall,BTC-e.com-old
1Knv6T6cjU2BGmawErHVsacW7TqfFRBojm,CryptoWall,BTC-e.com-old
1HmqMaHSxYrMuyCR3smiNMTb1C5UgVVim7,CryptoWall,BTC-e.com-old
1LAVWRfDG5d7jLAHK5YUJ82jPo525Gtrv,CryptoWall,BTC-e.com-old
1BuFNAUbr5Bnz3XQ43gDRVvHnvALDNf8t4,CryptoWall,BTC-e.com-old
1EemeAvvbEM6AXxDr7MN2UDUFRjrS6Wvya,CryptoWall,BTC-e.com-old
1MhX2yE5fG1zcLZUSRg3jVQaYmDfu1kfJL,CryptoWall,BTC-e.com-old
17xcsc3sXeZxQ7amhs8c12bKtTeGJTu77c,CryptoWall,BTC-e.com-old
1PymHLgR54ZfzQa1T9UWhCv8GJArSvyct9,CryptoWall,BTC-e.com-old
1MP8zihYxiYXiCqVStRj1yHYGR182EvtER,CryptoWall,BTC-e.com-old
15gDaB2U2AYedqJGRFegpYvvoLeQrG263x,CryptoWall,BTC-e.com-old
19ZGhef6Kf6nuXF15QgykrYLFKZHP17Kfc,CryptoWall,BTC-e.com-old
12nN26GSP6BzHmmHSkwFWj99AWoczFYaZr,CryptoWall,BTC-e.com-old
1HmeGeYMs1FwxsnnXXQYzKENrRCUAPcDWj,CryptoWall,BTC-e.com-old
1MLyAGxqphxgro3ronXhJXsDTppq7cT8xp,CryptoWall,BTC-e.com-old
1CzYrgzHTnhWzwPFGg1vQ69nN3f1sG8HhL,CryptoWall,BTC-e.com-old
18hXP1kwmhtdpXLxFzUxKQj5CttCGavch7,CryptoWall,BTC-e.com-old
18ZbtwxpTQPUjzbi2Z8Mqak9BEr8tJSfAq,CryptoWall,BTC-e.com-old
1NmH4zWgXZomJuohsqc9wHsBBQ43hYTQx5,CryptoWall,BTC-e.com-old
1D5xirdnXe6NdCUXyktA4AKaPD3M9uxoVK,CryptoWall,BTC-e.com-old
1LFWesCyQsyyxbSpq319PsdNNqN9WXbXoF,CryptoWall,BTC-e.com-old
1B61iQ3v1XLkrdxUgnRMpPie3qRsbycQy8,CryptoWall,BTC-e.com-old
1BFiBforA3x8T9Hrq4d35JnkcnZqsEZqhQ,CryptoWall,BTC-e.com-old
1FKHmc43CXzGRtkD7M9HdYfznunAxtqkRA,CryptoWall,BTC-e.com-old
1MTFKM2Ms4oXixYs8mtVp5ygkuoN1HQ1a5,CryptoWall,BTC-e.com-old
1xYmU7iTJcFfxYQhTTFxsgQhgdfWwH7o7,CryptoWall,BTC-e.com-old
13LARc9nuJmuA6rVU7ZaeJxPaeZXrDWnfb,CryptoWall,BTC-e.com-old
1LwN62XFT6TDtnUJmq5727XtBPJGFkKWd3,CryptoWall,BTC-e.com-old
1BiJagYHizjSXtmAgeHxbNrpMiehViwMaZ,CryptoWall,BTC-e.com-old
1BCf5iXKBGfBMYA8LMVty9ohgV8S85jTfW,CryptoWall,BTC-e.com-old
1KyyQ6ikCRb1w2K3XCRGHb6rvUD3pPJxep,CryptoWall,BTC-e.com-old
1B8KnxDynENcqNJgB4z3TjPVZ6HX2aP7xx,CryptoWall,BTC-e.com-old
1ExJ48tNHAXQQCKqAdHkNiWeHJsN3MBDJm,CryptoWall,BTC-e.com-old
1EcecdbDYPbTYpf3tLd9bii4vNimkWCwtn,CryptoWall,BTC-e.com-old
15jVRrswZRBmhcC3cnkXgzfM6qCsCZeBuh,CryptoWall,BTC-e.com-old
12wA4gd5C37RLaZs1GPMZCghLe7z7Nb2cy,CryptoWall,BTC-e.com-old
1zxHNSEEtwFTPy4H3zj8vBWHJKFqoa7r8,CryptoWall,BTC-e.com-old
13krsnTAzFADns6PRFqmAZxz8CLXEscWV6,CryptoWall,BTC-e.com-old
1AFVQ4b9w9P4CiAQ8oNsnRcxutqhzYxhwU,CryptoWall,BTC-e.com-old
1LeThfYKQ4tVbrwZMPzJn7bFt6jAS5suuB,CryptoWall,BTC-e.com-old
1LaKZGeQAZqyBVEg4jDhMvdC5pDjCMFoLr,CryptoWall,BTC-e.com-old
19BFzGax3Wm7ZToWEPQivGTBnDsUXMaGuP,CryptoWall,BTC-e.com-old
1JDkLCBLECxDFvSDtkvhw4BVFXBWsgsmwq,CryptoWall,BTC-e.com-old
13yFxtLB9rmAnBY4MpG8V8TV1G1xcxAPqQ,CryptoWall,BTC-e.com-old
1BUkhdg7ypQmvejutvjZfXmEbb9eLiMHho,CryptoWall,BTC-e.com-old
1CXpi5uSKVnXnf3EdGxXgGyUFSyghnacH1,CryptoWall,BTC-e.com-old
1JnvfFJVPzfkqftkd8mWjw8KnqTASumdWG,CryptoWall,BTC-e.com-old
1Dd48MnxcTKAF9kENe1n28amcjQ3JHwCk1,CryptoWall,BTC-e.com-old
1ERAsQE2s1bj51shRSZdRPRGw2sgdWx86g,CryptoWall,BTC-e.com-old
1FowtnA8bf7HTtfDLiY9BNbjkTWFZWYXnc,CryptoWall,BTC-e.com-old
1CCr9HQE44v166XWKf2AEAz1dzG7x7xMLE,CryptoWall,BTC-e.com-old
1NWkENDbBUkSqBQFwSFs14PKXtU1g1FjLv,CryptoWall,BTC-e.com-old
1DT4ACL58jtHRi5TWrGwPqfx6EU2kMWhjG,CryptoWall,BTC-e.com-old
15o2eb4gYfVTmeff35eew1Rc8evXYzkJo6,CryptoWall,BTC-e.com-old
1M3GeZBSA6LtcuTR45tiiTNKYXhs9Ws9z6,CryptoWall,BTC-e.com-old
17JKwiBwR1zEVzerLKa7qdjTbw32u1jv1t,CryptoWall,BTC-e.com-old
1DxV4htSGzr61P5Wn1KnC9ggp4mYwqfPqG,CryptoWall,BTC-e.com-old
19QXsTUR2TDzydoHz41zuYzHonabWRBPcc,CryptoWall,BTC-e.com-old
13fTsEmEZtAYd5qi4roFzVLayAdt26B35S,CryptoWall,BTC-e.com-old
1HaLK318tchfyKJ5D7ApmTLN9yq73eg5sq,CryptoWall,BTC-e.com-old
14q2EbYwqUdmWfkiuxxD3qhcgahnmDfxub,CryptoWall,BTC-e.com-old
1PMWgvV46PjVPUpDDon4vWxV3eW9yyVCnR,CryptoWall,BTC-e.com-old
1HZfyTFEyJ3PXtgPGRXjBtvKx4d9ygj7j,CryptoWall,BTC-e.com-old
1NX6MkWuy4DCbtrHQdeKpUQHmPFkQXhCGq,CryptoWall,BTC-e.com-old
1AMjk8L67cLP5jTccWnHoEXAZWDZMYsKar,CryptoWall,BTC-e.com-old
1NqkUyWnzpk4YHxnfUE2ivr2ZFefFjzkxp,CryptoWall,BTC-e.com-old
13NNMsjQ89QGiTvNfbqDNMijg3zN9xWYWG,CryptoWall,BTC-e.com-old
1JrcUqavSZSA6qj4HgvMUa6YGQz9iodA4q,CryptoWall,BTC-e.com-old
15pRhrkPVg4H9RGUguNiFczyAF5ybrGYPD,CryptoWall,BTC-e.com-old
1DXDAgcmwWEvuzca5mRMpzDaVzCpKEHHQr,CryptoWall,BTC-e.com-old
14wmFCK75MnJwtpgmztnZD8wUXrgQ514J6,CryptoWall,BTC-e.com-old
12owfeCh2RM3647jXWz9nWiZf5MP77Md7j,CryptoWall,BTC-e.com-old
187sfaKXTpC4gcLwKkrFHpE9nNdbXY62YB,CryptoWall,BTC-e.com-old
15vCC5FA2rUMUeu2eNKgXK6fZwW42qNVcB,CryptoWall,BTC-e.com-old
1EbPtzPNQJNw13unxVnFJ2tz1LWrmNWe1J,CryptoWall,BTC-e.com-old
15EfKdqCvyP4sYqQL7VymakLrj9vJEjq72,CryptoWall,BTC-e.com-old
18b1n2WugWDR9uP8h3kbzmo1iLDJ4fb61e,CryptoWall,BTC-e.com-old
1FP1AMNcUkExvCjEmDCyMjhgZcGG8ZxJrG,CryptoWall,BTC-e.com-old
1LBE256PBVy8yeGPkJN3equcJsqYzQXWHC,CryptoWall,BTC-e.com-old
1LJYvsZmTgDXBaXbnusQP1bW7FcUWxdhUX,CryptoWall,BTC-e.com-old
1KF7w6QYn3CNEk7VCT97wgWopFr4X9k4JM,CryptoWall,BTC-e.com-old
14qLo3oo9JEP6FcXorn2yekceGZwtsDHiX,CryptoWall,BTC-e.com-old
1PjP3nqUYsLGECz3kG6BGF62Cti6egE4jV,CryptoWall,BTC-e.com-old
1FiMAMHbpwvcXz4ijBuuGvFv9cjpTDupi,CryptoWall,BTC-e.com-old
17NrTKPcRAbLD1Eri97HLqRR18vFXsWpJS,CryptoWall,BTC-e.com-old
1PDxot6fSy1zUMHxyPeAg3uD9SxvCmkNFD,CryptoWall,BTC-e.com-old
1CbziRhP5z6H4DhiSUKCXxL5CiHTxe3yFv,CryptoWall,BTC-e.com-old
16svogvc76RctHk5sz4p6ky9KbzJ8ettxk,CryptoWall,BTC-e.com-old
17biE7cirRV2fQCShbgAx417y2Te67Biif,CryptoWall,BTC-e.com-old
15JCcZ1k4pWVfuSUqPT6VoJdhiFaKEKujC,CryptoWall,BTC-e.com-old
17X54ShJNaPkGC7JVTb5T1ezkZ6bTTYxdh,CryptoWall,BTC-e.com-old
14FqL53S3Yqd9NqhvnaUkQz5AfThzt8ryx,CryptoWall,BTC-e.com-old
1JXMgHk45RRr4JArnsRHDwPTBKUGFd2otp,CryptoWall,BTC-e.com-old
1LCmJ3foG3r2SZDGoitKKzknJKyRtX8Hjv,CryptoWall,BTC-e.com-old
185i2HZwNz7RAW9RwErfuG1E6btFAFUJj3,CryptoWall,BTC-e.com-old
1C8rDvsUBVzWfdBKCL6jB9sCuWUP4DoUyE,CryptoWall,BTC-e.com-old
1BQ5DrhQZd2XH4aAoEsZLgUDpG3qibrha,CryptoWall,BTC-e.com-old
1Ag8uh3n5aQcydpfYGVfRZrxuUyeWNGbsW,CryptoWall,BTC-e.com-old
13T3eB8x89sgHzrB3VLgg4XvmkzzEYvKMm,CryptoWall,BTC-e.com-old
1PaTgpbSHPRKp9DA5Zrb9FUfca9EJo2MZz,CryptoWall,BTC-e.com-old
1GBr28Fys1ifr98wgVtHhWduL8m5yoLsJs,CryptoWall,BTC-e.com-old
1CdtZ4eS7NpAiK8g5Y2WjGpzPxWq96fLvE,CryptoWall,BTC-e.com-old
15yp5WQZk5VaXPTn73QKkD27h94aq5HMaR,CryptoWall,BTC-e.com-old
1NfrmtEwVv2mqdV767HmEvzNmrHhzcqgmD,CryptoWall,BTC-e.com-old
1JcSo6XzXdadxpEbNM4DCD3LvrbUjhQWCX,CryptoWall,BTC-e.com-old
14SUUxw6mhPGGX5TUTVQ8KqS7AvCCbkpgj,CryptoWall,BTC-e.com-old
1Fn9ydSSLAJRDDEhTAuihqxYx4X9chKo2y,CryptoWall,BTC-e.com-old
1D8aGW1q8Mo2zfAhs9YtnjF7RbrdcW5j8h,CryptoWall,BTC-e.com-old
1DvxnGJ2eXZdgdkt5N5EmZQN2E1RW4TxLj,CryptoWall,BTC-e.com-old
12awBJaA3hrTJ2XH2HUexWSzxd4TA1K3sn,CryptoWall,BTC-e.com-old
1MDQJrkJckPfcmrxxNZxy9NwUvt7Hk3L5h,CryptoWall,BTC-e.com-old
1MAqtAp5kC7AVKUoVaVSNQ8cQbHxSydiVn,CryptoWall,BTC-e.com-old
1HbRG6jVDUmB6Gq9yAyAj9cUhh4DD7eVxa,CryptoWall,BTC-e.com-old
1QGYRV2iYL5qbx8PVfmTrAvpCvNmvBzBKM,CryptoWall,BTC-e.com-old
1Lb9FamBNxTrnqkWsYvGYEstcQySMpHpsQ,CryptoWall,BTC-e.com-old
13TdfDxvLTwDk8919F99HeHqGe87T7KQVU,CryptoWall,BTC-e.com-old
19xY5oKgG1PZCq3aPDsmFdMLJiLfGvLiu9,CryptoWall,BTC-e.com-old
17tvMDiP9WF6CU9e8dii6auquY25hGjYKe,CryptoWall,BTC-e.com-old
1AxYhqARQ7RQjUYbTHC6DEcWxx4XuUypHu,CryptoWall,BTC-e.com-old
1BEkPz6czXJy19nWzHD4f958tav17GpoVa,CryptoWall,BTC-e.com-old
16XQbMVVWeXNqCbsqKw4ENJrTbQCaQZcET,CryptoWall,BTC-e.com-old
12fAekkRshFYLwVuqurz35YW7P32TLHf1M,CryptoWall,BTC-e.com-old
1Gehkhrk8cCwUESGGsJw2KLEwzt689BvLd,CryptoWall,BTC-e.com-old
17xPWF8cqhkY1BngcQaTczCRdGP8DJsaCm,CryptoWall,BTC-e.com-old
1QGBY63JQzXknLY3Xh8ys3xEYe6hBVvpjJ,CryptoWall,BTC-e.com-old
1PUFatVKvARXmdhpN6TSzHd6LABj7mdCVT,CryptoWall,BTC-e.com-old
1PRjKEkKnP26wdwERkVKdzL93mxdtY4S1v,CryptoWall,BTC-e.com-old
1GrJRhpS49N3M7gvGvrHZfn5E66fx8XM8p,CryptoWall,BTC-e.com-old
1NpwnGoWUzuLPs25v9tKGCQBNryUJGC3rB,CryptoWall,BTC-e.com-old
1FDRNXi8DqFSvH9nfrdxMrMWvtareDDRJ3,CryptoWall,BTC-e.com-old
12oaMnJZZJRx59kWyAshzmogHERo8y54Et,CryptoWall,BTC-e.com-old
13vbRWkpRmaWg9ziADcy3gkrUgzQoBrRYd,CryptoWall,BTC-e.com-old
1KCuNyiXannMAuDc41UT7JaYsuDMmQ9WCT,CryptoWall,BTC-e.com-old
1842Mx6fQYAUGWQ9u1Wc4PiWbyFFw6TnV2,CryptoWall,BTC-e.com-old
1Fe2d5wwNbvzL9RruHs4qmaiR9cUFaJv1H,CryptoWall,BTC-e.com-old
149VjdhjPXe51JMrvaRY131DEskq7yL9Ac,CryptoWall,BTC-e.com-old
1HmkR4d9LwTziv2BguqXvvGj9KFdbbhHde,CryptoWall,BTC-e.com-old
17ceKPzNCrPGD4pvpkTTfBi9zErxKXf4oT,CryptoWall,BTC-e.com-old
1L1mcX2f2u3guY4sDDgnaU9FEh64u8tXjZ,CryptoWall,BTC-e.com-old
14VAGq62MUrJEaGvTP1MQ1hshyrX2bjvVi,CryptoWall,BTC-e.com-old
1GJBPnEV6sTtND3oQ66Rtxcn8PmJN2hzcV,CryptoWall,BTC-e.com-old
129vY4LM6wSFrvrG9DfTY5WzQJ5pBpycz2,CryptoWall,BTC-e.com-old
1J4CTe24tiK8pPCE9MXzJ8dMFesJhpnm4p,CryptoWall,BTC-e.com-old
17hWXhFd5XZU9Y34W6oT2SepB9QoFa9dkr,CryptoWall,BTC-e.com-old
1BNDN5iiKj1zCE5hrNR9PqutB5erRvuz11,CryptoWall,BTC-e.com-old
1Avh4Q2HbBh3mVERwZwK6j2ts6R3vsbP1E,CryptoWall,BTC-e.com-old
12za5qgPnxd2V8aA6wWaZYw9kZ9S4NftNf,CryptoWall,BTC-e.com-old
1HTstbFSny2gdhqBi8quBeTAxgpcD1trbs,CryptoWall,BTC-e.com-old
1JECXabQcW871d9vYRZTnQ6z21RmvELnSZ,CryptoWall,BTC-e.com-old
19cdDM5L4MJq5GeSPeYzJcVGcANAn7e7pf,CryptoWall,BTC-e.com-old
1HCv6TTUMLV3itxzpGeV97BohodswMM48T,CryptoWall,BTC-e.com-old
1JvxDDjuyHtzEQiUHD1bhGEUaxRNe2CafP,CryptoWall,BTC-e.com-old
15moownPQhCpWtowJDRzWTSYhqNdjXhjGH,CryptoWall,BTC-e.com-old
1Bx58DDeCo33zJzeWx4AChoY5GYW5xHJ55,CryptoWall,BTC-e.com-old
1FDMx2yENDFrxj7y9hHgG4oLRHE2AYkbjQ,CryptoWall,BTC-e.com-old
14qC6DirpsbSqVjMNPrYKBqieMwoxd4miS,CryptoWall,BTC-e.com-old
18LoNZQ324Hi3q8tNuHT1VQQi8NjkBNSR8,CryptoWall,BTC-e.com-old
1NzUAtfARFtKV6FthBQhEmwL4B26CWr7mC,CryptoWall,BTC-e.com-old
15du1eqzdfpkRQ669vAFWi73GRPiCxm4Gc,CryptoWall,BTC-e.com-old
1M8HNn9T3SvfbCAstXSwRdkpKYMnQ2SUva,CryptoWall,BTC-e.com-old
1Hv3RfTu8dJe4JYsaiVMohRVgVuhetd3yB,CryptoWall,BTC-e.com-old
1JfBLzuiSicsq5RU39EV5nSRw4a2RfUceX,CryptoWall,BTC-e.com-old
1JxN4ErW1Y3tpQVNs3JsP9gHA2kT8cQobA,CryptoWall,BTC-e.com-old
1MZJY5fkwanU8BJ7mbveMSFb9rzdTCSjbB,CryptoWall,BTC-e.com-old
1LNHJRW1j8qKc6nuReye5AjXhFqaPrEiUb,CryptoWall,BTC-e.com-old
1N7yKWHyPTvb3bgK35x7RgrkrpSJJm4YGs,CryptoWall,BTC-e.com-old
1K6H2Af5RgqeQXq6SXPzeC37WPtSigN7FQ,CryptoWall,BTC-e.com-old
1FAZfJGzA9P8SD7TqC1xEDBViExEYuQkJy,CryptoWall,BTC-e.com-old
1EGeqHU2Tv1scaPKrQjBp6hi8Ckt2sQFLK,CryptoWall,CoinJoinMess
1Ecv7RUmbZHQafb2CFNsBftbcFZ3mTWHFK,CryptoWall,BTC-e.com-old
1ACp1PtGzwxSyxK8dnnNzfPqk7JjFym1mx,CryptoWall,BTC-e.com-old
15zwV3poYP1nCTQ13pma74pXxhJ2wPHtG7,CryptoWall,BTC-e.com-old
1CxixoCLivK629Gsoh6dMiZAtpGYV7JSR7,CryptoWall,BTC-e.com-old
1AEqqUe98Gny3S4EwsFJXgCPXRfymcK7ms,CryptoWall,BTC-e.com-old
18u1ha6GQWDy9AtZ3LXzm3vtQ1u4TZm4Z3,CryptoWall,BTC-e.com-old
1DmzR7dMEq7Ru2AkCFDXnqxkrT7DgF3AAC,CryptoWall,BTC-e.com-old
1M6DdNy88ciPdnXAUZwNCupspQptdCeVEB,CryptoWall,BTC-e.com-old
12XM4kFYktoa8wT8ADTh6oWwbYqpz9cCsv,CryptoWall,BTC-e.com-old
1LJFtSAmARnMKBf3PsqpXexmR4AFCrKXCG,CryptoWall,BTC-e.com-old
12BWVUDdMVJHZHiNrWkBF7tqQ21VnvbFgL,CryptoWall,BTC-e.com-old
1BaSYMUFXGzxDyN7ojpK6n825NGJx7BrRJ,CryptoWall,BTC-e.com-old
15khSk2m31xgswP82YbdR8Cg1a6ZUkEcPD,CryptoWall,BTC-e.com-old
16BecRfB3iyFP7rE4CKVSyxXQ2WebuxzuM,CryptoWall,BTC-e.com-old
1LEbi3sufoAeNhCULFwZJqKKQRDQXXzgKh,CryptoWall,BTC-e.com-old
148185cGC8YPYPGZiBb94vv1PtStBPzh4S,CryptoWall,BTC-e.com-old
1KKEaVoHoeLSxYqvppK91sK1zAgTy9CnP2,CryptoWall,BTC-e.com-old
1G55g5FwjNnc38qpUognoH43fpV6XzDuNj,CryptoWall,BTC-e.com-old
1EfUA8Gtoko7h5J6G85XybC8cHe5hG8FT5,CryptoWall,BTC-e.com-old
1ANzC11FhDJdehQzKTmiELb2a9pSmfhgHS,CryptoWall,BTC-e.com-old
1NumwMsmdDGU7LnRpeWcucotrvkWLcWC6a,CryptoWall,BTC-e.com-old
17aBf4hcKjnMFVeU5F5jHvRtW4UVSQs8oV,CryptoWall,BTC-e.com-old
16EmgZ7GgPwav8K8PS84phKfojuCewWtQ3,CryptoWall,BTC-e.com-old
1ERMXWwoYnaf5F39pEaDEYSQe2qo5YfzNX,CryptoWall,BTC-e.com-old
1ExD4vpSvsLBf5ZMpvEBSDkh9oLEP2njev,CryptoWall,BTC-e.com-old
17NLtq6HdmwBS5PGNYyFdFWBT2ZzXhbCwg,CryptoWall,BTC-e.com-old
1LV8hdp4rTfRESUT3FoZhgxnSW4xthqpS3,CryptoWall,CoinJoinMess
16LP4TZsX3vtJSazbKqVp8fE1HgEE2tC2J,CryptoWall,BTC-e.com-old
19Dkaa8ZDrc4MJjLQUgiqeXgKrzFBnyp2v,CryptoWall,BTC-e.com-old
1MkmgqFtZiZUxTL9HhycWs1jmAFmSspqpH,CryptoWall,BTC-e.com-old
128meNE6VGJqDX4H66bdugPCTo9DbhD7H7,CryptoWall,BTC-e.com-old
1JSc7Hijaqj48KbQ9uBQHxEcbuas8ija1U,CryptoWall,BTC-e.com-old
1ANZt1cHgjC7TdFqy7ormU3KATgfchYAf8,CryptoWall,BTC-e.com-old
1DQYob9Rh4cvCzVEpDHfjkgD4zmWM9DyvA,CryptoWall,BTC-e.com-old
1N6sRScvMwnejwyvRbKca6S5WzYsgzL6Wt,CryptoWall,BTC-e.com-old
1MiCexhJrvq9arHBHNxVGYuYLED5F8UAKC,CryptoWall,BTC-e.com-old
1idqBEJyNfEFiyBHwK3ZqS6GwbQcyVtui,CryptoWall,BTC-e.com-old
1MwSseYPdkEqKM7LQr3ZmQVyuJf9w9yfEX,CryptoWall,BTC-e.com-old
12tM5zwhQzSRQnkjiGFLKeRneW1w4sEu5t,CryptoWall,BTC-e.com-old
12qJickg69W2CK5h49VkQrf9rf2CFbJR39,CryptoWall,BTC-e.com-old
14rkPPqc7er8q7v4B1he57ArbercMiVE3f,CryptoWall,BTC-e.com-old
1DfVhE48vpkEnVQNehPCYiDzTCDjP27FSd,CryptoWall,BTC-e.com-old
13qU8gLNF9uBKCupLfAZE4JjYD8JMtiPn6,CryptoWall,BTC-e.com-old
1BwYUfmToBcQjGqcarJjaDXJANo1qQB5S4,CryptoWall,BTC-e.com-old
1GFDbnBtre49aEac9CswNQzXm4FXwVFRAi,CryptoWall,BTC-e.com-old
1Nw7zsquod5nhHKyBQYtmtD2q36NRaWN2K,CryptoWall,BTC-e.com-old
1KyjExEBfRZ9NnysKy8naPRa1JBZGDzySA,CryptoWall,BTC-e.com-old
1PrU4XtjkchJKikkG3AkbqP56RNnxKRUVZ,CryptoWall,BTC-e.com-old
1PB9QTdCicwJdUsVXWjVAF5cKqY2ux6SzT,CryptoWall,BTC-e.com-old
1LzNC6z1kgjMtSbHkHQgWGEfEN6UdsbicB,CryptoWall,BTC-e.com-old
1Lwf6fRf5tu9us6fF4Csd3fEbn9xtQ4ptF,CryptoWall,BTC-e.com-old
15uufLq6KH3PouahHdF8HnaMYXE14pjtop,CryptoWall,BTC-e.com-old
1Ht7Uy55He8HDMZD6Vf5ao5jGsWESGaV9P,CryptoWall,BTC-e.com-old
126iRhq8rAKHo7W3euvuCnJ4FoQzHTpGWr,CryptoWall,BTC-e.com-old
13qoMedv4fKQ9bH1fEos2uroAZ2N2Yzkvj,CryptoWall,BTC-e.com-old
1MsCCDVYWK4ADGpSceLWi7g18pzByceDTR,CryptoWall,BTC-e.com-old
1Pq7tUQmsuFScc2rr6M2qT87eqmoZcxBB8,CryptoWall,BTC-e.com-old
1Le65RQNfKyMtxdjshraX7oMgs4CQH3YqU,CryptoWall,BTC-e.com-old
1CGuR9zp1e6cYEUNgPBFTsPHC5fw9MBne8,CryptoWall,BTC-e.com-old
16uwSg8MrAdkt6SeKqfi63pAyRBDQS16qp,CryptoWall,BTC-e.com-old
19wwsWzzQvxYsVovBu887huP2Pnkc2f2Ss,CryptoWall,BTC-e.com-old
14ohidwgP2Hyy6t6ENmagNrwdjdBX96HtJ,CryptoWall,BTC-e.com-old
1EchkbXWKmLuExAZ3VJyfXzf7aHrHm4qSk,CryptoWall,BTC-e.com-old
1J4X6GJrHz3BdbGm7SqHXXH4XZfu2HdH6p,CryptoWall,BTC-e.com-old
19t335zuany64MW1u2in1G5UHZfTndgToJ,CryptoWall,BTC-e.com-old
16yoiKP8jJdC7GXXKMbANrFVZpS8txnZwY,CryptoWall,BTC-e.com-old
1GRs7cyMsbTh3wdngBu9dACyHd1NS6T35U,CryptoWall,BTC-e.com-old
1JB6NaTQuwAU2d4G2admyKwtGFzBbzuAWc,CryptoWall,BTC-e.com-old
1JzckaaqhggeCm7QWZRp6oXo1XU7DsM1NK,CryptoWall,BTC-e.com-old
1AoHjPLN9xSXV6Cf9PDdS5jcbotCVZAkDh,CryptoWall,BTC-e.com-old
1C1bQX4dj5YDt7y3Njqm4QT8CiBnfPBXLU,CryptoWall,BTC-e.com-old
1FAB6uvKD9q5MnGm3ta1ERvmeVpYgyNQwj,CryptoWall,BTC-e.com-old
1EyJCSepu7XEZTNKEMEqfyTi9WhM5KZqiE,CryptoWall,BTC-e.com-old
1BzKdkGdCFKrGvEytHcGVJ7j5sYtLKsmrG,CryptoWall,BTC-e.com-old
1Ed34fpi1w8xUsDBAfAuzVNVwxnmK2JFN,CryptoWall,BTC-e.com-old
1ALnCFg1P77nRSsgvVxkk26nTqyU4EnPJ6,CryptoWall,BTC-e.com-old
1FePCWpHnn9kHeoJe5zzZBh4GfCiuKhfAt,CryptoWall,BTC-e.com-old
1Myi7u4tAE4eLZnWBDGqWXu4VNL1v4owGA,CryptoWall,BTC-e.com-old
1ETXuFgrmWJv4HR3FPpjpUjG2435t71L9Q,CryptoWall,BTC-e.com-old
1DqtUBXwk5fT8cc36gFqfKWUNXst8nN9yS,CryptoWall,BTC-e.com-old
17oUw7y5H2NX8RsSWy4XkrctNsFnKw4vbv,CryptoWall,BTC-e.com-old
1FTVKuEzDn3dre8PPWSYUvu9FPjJjqHrvm,CryptoWall,BTC-e.com-old
17vJC5yXZWYbaRqDSgVRUdE78LgYRkLP5U,CryptoWall,BTC-e.com-old
1GinrABK4MQS2hsCXSHeiUJVsziQpv6EBx,CryptoWall,BTC-e.com-old
1KETUYt6PyzcKYyxeUexvZaEYPxPqT7fgH,CryptoWall,BTC-e.com-old
1HjjojGVAgXoT6KQSbdYp1U1V9deNVfwHz,CryptoWall,BTC-e.com-old
1ey63K4N777QRP1HePgWE3zSpRyDUM8nC,CryptoWall,BTC-e.com-old
1NxnHtaxJAuy5cZoPYH4pnvbtz2ouz2p6u,CryptoWall,BTC-e.com-old
127A7XWMz7sEwM6Q1MYPHVHLkCdeG9Pidz,CryptoWall,BTC-e.com-old
1FjqeSC5fZnQPHsLumtHoRPccK5bWefXeA,CryptoWall,BTC-e.com-old
1fApW8vN1Jc4tsWUp2bF9tmTYSbrxqyGt,CryptoWall,BTC-e.com-old
16hGzGsqcLQcWMTb2enaUUCRvWbVhosgZW,CryptoWall,BTC-e.com-old
1C8tRUE9FjeWrMyoFzJnujppMJNufdA1rZ,CryptoWall,BTC-e.com-old
18CipKtEfYcqQJM6zDKFh2uYc97k1uavb6,CryptoWall,BTC-e.com-old
1Y8uWMs2vkCzTGxUxiiVLyzd8S2bxNvM4,CryptoWall,BTC-e.com-old
1Df2Kj7UYjsUHPqXE7RDxnjbwddJRXYagZ,CryptoWall,BTC-e.com-old
19RH8yLJo2w9q9imBmJ7tKEgSm9vqi7QYN,CryptoWall,BTC-e.com-old
1L7VfuceoEA2UeYavmfVP6zV8znWJexYYi,CryptoWall,BTC-e.com-old
15JwDhu2PVNWLo2JQ67pVN83rarj51xLos,CryptoWall,BTC-e.com-old
1L8FPTKtPAuW6XuL7MXTTUP1sDcY7fGWHN,CryptoWall,BTC-e.com-old
1G9dcLbcD6w3j5g4hJDEBBMUup8dxmGQVa,CryptoWall,BTC-e.com-old
15kr8miG2MHrJHo8itP2iwR4g68RFyGsPN,CryptoWall,BTC-e.com-old
14b3kdpoDyT4dS9FgePWV1EYBUniLCFcdF,CryptoWall,BTC-e.com-old
1G3jabXqZroXh1y6kcgBBb5dqVC3FCdiLx,CryptoWall,BTC-e.com-old
1M3CgXd5UszeBSHMNfybqXw2QWC7QGtSLd,CryptoWall,BTC-e.com-old
1AGtwp27EbmS6xUe7t4M7ycLSD6DvrqX68,CryptoWall,BTC-e.com-old
1MTwPJkaAi1JHavrCxKtqHPVTLAam81HiT,CryptoWall,BTC-e.com-old
1G98KeDWA1aBANK18Hohb9R6HA9qcg7U7g,CryptoWall,BTC-e.com-old
1B3KxRHCcofj9hWFyCCSYNpMiUKuS8ThNw,CryptoWall,BTC-e.com-old
1KhtjtZ9kQWGUu8rdm8U6znksCpzjDcDXi,CryptoWall,BTC-e.com-old
1KmhrBga7B7MMHqJRk19DYuh7tixWa4uA6,CryptoWall,BTC-e.com-old
122YgLP4YjnfwxJtCc3Kx6NQWh2nu7evfm,CryptoWall,BTC-e.com-old
1P9KvT7p8oHwpG5d8S8x8wFLjWbBiuaKMu,CryptoWall,BTC-e.com-old
1YFAKcKrxXP4eNmSGzukUQAh6qNAipvvY,CryptoWall,BTC-e.com-old
16inxiUY6JsD4WvMRQuHfNPjZAYzR5i7GE,CryptoWall,BTC-e.com-old
1LbCxTCMdC957R2LHM6uutkQj8zowH23vP,CryptoWall,BTC-e.com-old
15Ad3bbHJQMtz3BzbrPaFc8SZDoyR2CKY1,CryptoWall,BTC-e.com-old
1PznQURhVAxhdkBB8RDgdVHFoLcUqeZYUq,CryptoWall,BTC-e.com-old
1PXVQ2ewbFjK8fJNHuoQsTihaR6Fz7az5i,CryptoWall,BTC-e.com-old
17xm9Bb25zNF6duTkAAa1gajsDE2puayUe,CryptoWall,BTC-e.com-old
1H8t41sgauXUa4uRMyYDCA4shagnxKMrtC,CryptoWall,BTC-e.com-old
1Er7ymD1TA2XM4S9T4uXXiR8uwLnz53Hsp,CryptoWall,BTC-e.com-old
13DmD9KZHQ8NRDRNudMH74dVhdC3XCb9sa,CryptoWall,BTC-e.com-old
1P9S1C7fHdJLEZXxfPxzz4baDrgGhdC1oz,CryptoWall,BTC-e.com-old
1JvnMoZMbhsU3oxjVzrCwrn9BnaLpMxx6q,CryptoWall,BTC-e.com-old
1BdLnmgUi2u2CC3kh6A4AJrELcgWMrm9hR,CryptoWall,BTC-e.com-old
1EH98Dns7fpoSAoZ6wpqVkLJVimzWyWz7z,CryptoWall,BTC-e.com-old
1Aykc449RfHmgkj8LNPqVAaUnVM7AdKmKZ,CryptoWall,BTC-e.com-old
1K46oSpC4K5MWJinbJ7pyMrjQq3tNb19qo,CryptoWall,BTC-e.com-old
1QEKmQP1HQQ8vW8fsr68Lt8kcc8Awirg6F,CryptoWall,BTC-e.com-old
1L1cKfrZMjqwY4aNLucj6rcGNmFR2tCGE1,CryptoWall,BTC-e.com-old
1JzUjuK1s2uPaLvpPvnZFLg5EY2wr7zETf,CryptoWall,BTC-e.com-old
1H8MbQRUZxjxaowZtZENkzP3MJou6rw1hL,CryptoWall,BTC-e.com-old
12UgZPbAbFrLfKoacUSxD1fmJftU6Zvnd3,CryptoWall,BTC-e.com-old
1CYEvbQRX2wiStrFZYoF5cCTY2ZiUqFTD4,CryptoWall,BTC-e.com-old
15zsna4MjeAgRDhXT9uAqHesnWQdJeuzi8,CryptoWall,BTC-e.com-old
1CKUj6TGHZDCV1n63pdGmPAY92b4fEGQ69,CryptoWall,BTC-e.com-old
1FrRtGo5Z2eWPe91Z9MLpDCwkXw7MbgeiD,CryptoWall,BTC-e.com-old
19tnqaBf6bdQ5Sd7CWtgzJ5xB2aV81SMv5,CryptoWall,BTC-e.com-old
1ByFqr9yQdEgtqmotaFvQfVyQNUJVzJUqm,CryptoWall,BTC-e.com-old
1F1hAvjXmCxHAaW5ifUUhD2idBrsocaEqi,CryptoWall,BTC-e.com-old
12GvnRctsXvNrBMZRuHo9JjUmgfKDyxsbD,CryptoWall,BTC-e.com-old
16fVTeuR9XjZpei1SJietMyn4dfQQNex2J,CryptoWall,BTC-e.com-old
18Ksoyb9Gs7nNzvKgnW5VDFSKkVC9yTWXi,CryptoWall,BTC-e.com-old
1dkigcgi4ETzDcmvGwisuRucdSTG42j5o,CryptoWall,BTC-e.com-old
1KKq9GnD94wWnN9gRsqZLUktdXjp3tX9MU,CryptoWall,BTC-e.com-old
1KAiiDCp6nZRvQB3kL2cJCkgQZyhY7J4rV,CryptoWall,BTC-e.com-old
1J33s5aDaK1o3zZytjZ4G9gQTirq47kyPU,CryptoWall,BTC-e.com-old
1MFaaMGNrRUzYoa9zZtLx65easzniZYXHW,CryptoWall,BTC-e.com-old
18WcEkRxhxuTLCAv9yLzHw8RhaeQeLctfT,CryptoWall,BTC-e.com-old
14w36PJjV9H2hKnUAe5eNzswno3i42vjDK,CryptoWall,BTC-e.com-old
1HitUYrEjy1qCRF8zbEXkXHcjCtJw7wQuQ,CryptoWall,BTC-e.com-old
1An3XpRHiryNAV5ABAyhKf5GqEtkY8rSaS,CryptoWall,BTC-e.com-old
14ABSBzZBQyYH8S6qSJc2bgQ9ViEKWnC49,CryptoWall,BTC-e.com-old
1HBDPbTejhhDBLPzU4QyjMW5Yuyy2rVRGE,CryptoWall,BTC-e.com-old
17J8Aah9c3Fbi3pi9a8trLzL63A9Xo19zp,CryptoWall,BTC-e.com-old
1461pxq7QhrDKUhBnJ4AFHGJTbHV9YDnoA,CryptoWall,BTC-e.com-old
1M3iiEvfRTFGkYKGria5L58uZ32SB827ve,CryptoWall,BTC-e.com-old
1EBp6rBBA9veexvnB1eQG9DgQD6K9aBa4v,CryptoWall,BTC-e.com-old
1EM6SeiLKk2mJeVukjMh2FiEmyutiEtTUx,CryptoWall,BTC-e.com-old
13GCZwCvbRUqtfNZ94EEDZpkpaYq4aZodY,CryptoWall,BTC-e.com-old
1D3gyLSZwNpaMYBgbZd9VJVQoA82SnXCXJ,CryptoWall,BTC-e.com-old
14VnLZWJ87XmreHWysf6dy1NEH1qsiD5Er,CryptoWall,BTC-e.com-old
18GYqsSKHPyTX1xJBbLouXTYz5sNmovP2z,CryptoWall,BTC-e.com-old
144S3xVfrT7k5DJXKYwV3trgB5FGRZUFep,CryptoWall,BTC-e.com-old
1M3MN51JmEKVRTXS7miu2ssSy1nHVLC6ji,CryptoWall,BTC-e.com-old
1J311GYoxg1CsyLZMyE1KSvuN6oUMv7V14,CryptoWall,BTC-e.com-old
17xybuQso3hCgau55gMy2YJfnkz7eDrkGZ,CryptoWall,BTC-e.com-old
1Fwsk3b6VM5Soj2YdhyKkgbpnm9RBNLttE,CryptoWall,BTC-e.com-old
1LPu1Xi1f6PUudxfPBhTZZENbPrN98QXFD,CryptoWall,BTC-e.com-old
171b5V6axZ1fj8WY2vVkho4j9Fo2bADtN7,CryptoWall,BTC-e.com-old
1PKYEqzcAo8TyEy7zG6ui6ijJZSL87Jarb,CryptoWall,BTC-e.com-old
16ywvSsnM2uCn4keoSyLpn6Wucyx9aDiYy,CryptoWall,BTC-e.com-old
13zQSq6oqqm2SSzBvBvwsez9cswzSVPdR7,CryptoWall,BTC-e.com-old
1TWEbrPvvQB938PNBtV4cZqWgs5PowwzL,CryptoWall,BTC-e.com-old
1Jj61SpMUuzQR7P91eNJ2M9mpiGkZwByuo,CryptoWall,BTC-e.com-old
1ETUB4XemVpwMouyfavzcjGWDKSKLa6j5u,CryptoWall,BTC-e.com-old
1HphpPA7dD82T9MzScZ7oYutZFa6hjb5PH,CryptoWall,BTC-e.com-old
1Hxmzf5Dgy1YNChHFDRT4J5pBj3dQwWsxv,CryptoWall,BTC-e.com-old
1Hj5jkxZCELbkSMLDfkjNCF3uNNHSPsTu8,CryptoWall,BTC-e.com-old
1FqtoJUhhhe69o7bfukQ9peZNbaPxNeCjm,CryptoWall,BTC-e.com-old
12WEqddokUnPqyKHJG9LhZ9LABSZh2MqrT,CryptoWall,BTC-e.com-old
1ENA1s3hf9SzHuRnj48nfNaVwwgU2s3oST,CryptoWall,BTC-e.com-old
1Q1rugTpkkX4TQ1Jri39zjGrs3ViBoFWot,CryptoWall,BTC-e.com-old
1BfmiMoLojBLNED8EzpgPzy5XjnA4kKa34,CryptoWall,BTC-e.com-old
1KfkgLsvMVihBQA9cHtgzGeKxnTK1nssHj,CryptoWall,BTC-e.com-old
15gW9CD5L5FReideDKWRHt1TTMDoCgmJb1,CryptoWall,BTC-e.com-old
1AGhVg9jpqm11Ue4qAWyGkzoZGigKpZ4XB,CryptoWall,BTC-e.com-old
1LjypVBfvsGLKPxRgk7LHHPWcGv1vtMBzX,CryptoWall,BTC-e.com-old
1C8HtG2r3xL6dZLG5cLyC5HqRZTAPkvoJG,CryptoWall,BTC-e.com-old
1puwXx7NHkudkR67HqfE8nfvQ5iER71Hq,CryptoWall,BTC-e.com-old
192q25VzVHh2CVRcWfrn1SJ1hTqRidN7oK,CryptoWall,BTC-e.com-old
14Jo33jHksZ5VT2rDyg5M1AMYDUipZHZYD,CryptoWall,BTC-e.com-old
1LAWBsMW6UxLnpAn8ji64qyfFkXR9yT8p5,CryptoWall,BTC-e.com-old
13QhaUeGsh5WEnQrq9jpEXGw74zY5RjQDw,CryptoWall,BTC-e.com-old
1BcdtxhXoSFq1hyS6kTbdVmGZTzQWKHeKE,CryptoWall,BTC-e.com-old
1CEeHsKsG8NEdPpwvKNAHpqB5ZvJzpPMsW,CryptoWall,BTC-e.com-old
1G8KQtJdkRcR6TsEQMaCQR5dGEcm7SVJRz,CryptoWall,BTC-e.com-old
15VbTT5KYiaN27293bzjBbpAqNm6HCv83e,CryptoWall,BTC-e.com-old
13e4RcGHxUMZPw7ZTp3LUTNQQ9YqjYXtbs,CryptoWall,BTC-e.com-old
1MwsvXf8op1JCe9PS2HFWYCK8DasxqVsAP,CryptoWall,BTC-e.com-old
1hhKieRnwVrX27oxUSFmyWyKLA4pn8zxm,CryptoWall,BTC-e.com-old
1EU26ntp5A846uXLz8E8mmfv1c3mxy5mm5,CryptoWall,BTC-e.com-old
1PJQpZcxwXm8Z2nHuFmfqfnFZAC9a4Wiga,CryptoWall,BTC-e.com-old
1Dpszu5kzsyvHrMR43M6wP62oxv9bsTFdf,CryptoWall,BTC-e.com-old
1ES24c4HmeExYXLLwbDHDZAjxSCYAPu1m7,CryptoWall,BTC-e.com-old
173edtuXJwbVG9e7WRtGymteR68Hy7d3FB,CryptoWall,BTC-e.com-old
1BngpcjjqfLYNyU3Ectgc87HLY2iv8k4MM,CryptoWall,CoinJoinMess
15bYDT3eXaWk5ZKHiNVBRkZcyDg8DLCXLU,CryptoWall,BTC-e.com-old
1JfvEXSysyctosJd9fsKTrYP7hk2a3KJ4V,CryptoWall,BTC-e.com-old
1BhSGc44tycKj3MWG4scKGjcfanxze38JX,CryptoWall,BTC-e.com-old
12sS8VGVqPEzDUcr9d6riEDo7xrGcinjVj,CryptoWall,BTC-e.com-old
1LihHNdV1Lthrn6rEZeww5uTXxXvoQidsS,CryptoWall,BTC-e.com-old
1CxebHAkGi87Apk3F4vmoUVBrfiXpiNyqg,CryptoWall,BTC-e.com-old
1CKgfooMwaFmz12xtgEUsB9dTS3yLnpagc,CryptoWall,BTC-e.com-old
19v9gVczePWq2ocpWAPWoxviMiir6MDbfE,CryptoWall,BTC-e.com-old
1FULUBAuFek357Sj7q1N6PKcTZpcTGESQL,CryptoWall,BTC-e.com-old
1Jv2UTPifDHMPZ2Rs2VzqGzdTZsbpLzVY7,CryptoWall,BTC-e.com-old
1CjsCsTvED3zVzB3rPUTyuCA5DpEtoQL5Y,CryptoWall,BTC-e.com-old
1BsRuDxL5Rk34baoSvUWipjmEBhjqegySH,CryptoWall,BTC-e.com-old
1Liaz5Pd3rNho2LNwGC6tfztXWFVJ88Kv6,CryptoWall,BTC-e.com-old
1EdPRMcKdJaBcgAbBbKu73BX2DvRSxUUzN,CryptoWall,BTC-e.com-old
15usxbwnkqKhXtnyQYXfxEgQ18qakR1Cus,CryptoWall,BTC-e.com-old
1Mbu45fPqqrG73dFpvmJNJQvBqYC4QqgB4,CryptoWall,BTC-e.com-old
1AKVSf2eZNwLoPemHAQYCkGymQB2MVf4Td,CryptoWall,BTC-e.com-old
1E4heq1BbTpRzhAVuwthUtcSKCEmGUWSvX,CryptoWall,BTC-e.com-old
1DuM6DTpAbj5uKUvoDi8VahNnH6eeTH31i,CryptoWall,BTC-e.com-old
1EUPcug32vs9zbZL3KXquVZDaC5zdF5qaf,CryptoWall,BTC-e.com-old
154TcZEWHEX8Sx8QeifxKF4mhqwXBKNiVt,CryptoWall,BTC-e.com-old
1PvvMn9RLK4P7H8jwCFfLq3f7BmeizYUu1,CryptoWall,BTC-e.com-old
1CQYdquzaNusJJWahhRNyEM1vrsXuhCu9z,CryptoWall,BTC-e.com-old
1JLfBE1aFBQfj3xoEokxyUcQD31MhAxjWb,CryptoWall,BTC-e.com-old
1Lm4QzwpEyXUGj2KSzVrbQgnayqofE6Wtj,CryptoWall,BTC-e.com-old
1N8kCmRCbmmy22APczVXg4ZZRvPLRQUFh9,CryptoWall,BTC-e.com-old
1MimCjefTUuCnGudStPc8e1WzgCpKjSSPP,CryptoWall,BTC-e.com-old
1MMjLXE5PFJUsWsAbkeEbhw6jX7e53e9W9,CryptoWall,BTC-e.com-old
1DfxkMZBn3Dmi6gvF8s1XHnAWZCUNKMuwo,CryptoWall,BTC-e.com-old
1LUy7mR4BDoxeuga47Nkm8uo98ATHDBPz2,CryptoWall,BTC-e.com-old
19v3LRXMw2pZY4PqmvFYU5RFMSbs9SWTY8,CryptoWall,BTC-e.com-old
1Gx122WnxvmY1htLCJLLQbBk2uH7W2SH3x,CryptoWall,BTC-e.com-old
1LgAtKwmHfBBrW21n34xDMkV7Zn4hpKmvA,CryptoWall,BTC-e.com-old
17TrnHHvZUHRWAqWmVWJEiraqouvuwzyGV,CryptoWall,BTC-e.com-old
1ETjqG245hX3QJuXZdxTTxhJS3GB9KSTND,CryptoWall,BTC-e.com-old
1BL3Z8ujnuy5g68snEPSRZUiqZyJUKQa6a,CryptoWall,BTC-e.com-old
1MoRrDkdgok5zi4bCttXDXP13moxdnAhnj,CryptoWall,BTC-e.com-old
1SQZc3Z9bHL4nQcEvWNwKzSrKziKbsB7g,CryptoWall,BTC-e.com-old
1Jh8H9ecCmStB9K9BwLgfnVe5vKqi8itTG,CryptoWall,BTC-e.com-old
1Q1p7JDyZr6Rf21g6bQ74W9hS4WEA6WN1z,CryptoWall,BTC-e.com-old
1XKLEMSE47wqpJi7is8W2XKFg7AWAdAKk,CryptoWall,BTC-e.com-old
1DJGNTFauYCWQdiM6cB2kwPLmfP3gTrN4t,CryptoWall,BTC-e.com-old
1M66ko2Qf2x6R56Cy4yexzRUQdjECMZPmC,CryptoWall,BTC-e.com-old
1Nq3o729xwym9tMjbf27XSKWpEoQaDGrmi,CryptoWall,BTC-e.com-old
13W8HHwqdedWzqsHZHsmwTBjiX1dgP7VBx,CryptoWall,BTC-e.com-old
1ErW3qzKp49nrikmrwTcWT4t7KcDkKGagh,CryptoWall,BTC-e.com-old
1NVez7q1VgrtEXYyE5Uj1xjBKtuH6xevk7,CryptoWall,BTC-e.com-old
12iipytaqFpTgXPJ5L6gRmMzrN8cLU7qFF,CryptoWall,BTC-e.com-old
13UNYcc5JX5cHT9RDyUtnVpxzx5W16f61T,CryptoWall,BTC-e.com-old
1ANwuvFFCmcqww15Ci7SrTD51cmgYSc8dJ,CryptoWall,BTC-e.com-old
1JRtULCcimxtegfZNX1tgJ8eTq4ihVUU9F,CryptoWall,BTC-e.com-old
1DZENf25jKaJq8BTkfFY87iJ6dcJ2F46mc,CryptoWall,BTC-e.com-old
1KZgYSrL778ebrCHPbjvjWFxMMZfqjZk9h,CryptoWall,BTC-e.com-old
1MZFxLTCe34bM5NcLiK1auLf8pHUZ5SWxS,CryptoWall,BTC-e.com-old
187qbnDWifXKBuozq8k3A7owhwiwXtD1eu,CryptoWall,BTC-e.com-old
17LErkzZZrNAgreNtsj9cE3LHRyeSCdCMq,CryptoWall,BTC-e.com-old
19H5uNvGQf2Rmk6mq2eq83Eb6LqVtnDWuu,CryptoWall,BTC-e.com-old
1PrK6A98UdDCyyHjL966Vz7DKgqBujopbk,CryptoWall,BTC-e.com-old
15Ug2BDrCJmaAdazfPiHnLzDb4T734HY2e,CryptoWall,BTC-e.com-old
1GhS7dA6nQAcR9oLg4f7XXCpdNyzK9edS,CryptoWall,BTC-e.com-old
1Jpvpi9dyWGgNXy6rDefkUXcPkpNSrKPct,CryptoWall,BTC-e.com-old
13nJ8c7Tjp4ec6MeF3eKfjPKFxAGe5G5q2,CryptoWall,BTC-e.com-old
1HuiMQ2fZ2EsJF3XnPovs97JNwy6RBSSWi,CryptoWall,BTC-e.com-old
1NBVNAQ8zudE6Z3MEaQ8jdhDqXcJYpJUxe,CryptoWall,BTC-e.com-old
17zQmK9tYpkzZNVoHcxP9XFQKWco2XfBaU,CryptoWall,BTC-e.com-old
1CfL6yydoX2yQc5VDgBGU3rAjyZyVvEnfP,CryptoWall,BTC-e.com-old
1BpZ5KaABZv2U86Rrj3aP35zCVbE3Us5q8,CryptoWall,BTC-e.com-old
1CpJk2fnNWTutff7PD5PW1GgKhqMdc5sLx,CryptoWall,BTC-e.com-old
1eFphGGM7g9yy1cWy26jA3XRgqwmo9Dbp,CryptoWall,BTC-e.com-old
1L8oxh5WvVQPbanvjhoe2YZpjUvv9trAD4,CryptoWall,BTC-e.com-old
19KXonEMP2dvH1Vn99ABo81zck1mSJoq2D,CryptoWall,BTC-e.com-old
17kAG2DBY51Cz1y3jfPSgMQcuBdSZaq7PM,CryptoWall,BTC-e.com-old
14WU3nr5FPNq6cKg5jp8SqnYzU6meB872q,CryptoWall,BTC-e.com-old
1H8A8xDHacX65EQ9GkjPjQqPoFMHAYc5Gp,CryptoWall,BTC-e.com-old
1HzhBwags5h7SLB5svUSvu7LbhPcJgeGbR,CryptoWall,BTC-e.com-old
1CDdwC9635gf19EEWE6xwCrbd9SGzaqQWV,CryptoWall,BTC-e.com-old
19nYDjD7GiLTUDJE5aGXA3HDydtvGfCayA,CryptoWall,BTC-e.com-old
19ehtZdPDuqUDxRCzzaMCZ1EdA8MVQFT6E,CryptoWall,BTC-e.com-old
1HzpEvCu8g3eEJanSQwUKz3FCDNGP8kmFX,CryptoWall,BTC-e.com-old
16gAzk1wtb6E6W9NkjnPGmW1CkwTZc8qey,CryptoWall,BTC-e.com-old
14id3WroZ3p6k89XkLKkYnYoSaDecU5g68,CryptoWall,BTC-e.com-old
1Lc5HAKSbpo4KeZxMv24R4LpiRjHwmFr46,CryptoWall,BTC-e.com-old
1EZTRDnXbPs54KL4rEFVCizgSPw8X8Jcwa,CryptoWall,BTC-e.com-old
15t122jUdWMrKK7EMHF3cvZumdwwxhWFjQ,CryptoWall,BTC-e.com-old
12d8uUr6qe5a8RkdsJPNdarHGTspus8erN,CryptoWall,BTC-e.com-old
1HR8ZZcT3ugMPUGG6DeHfBHVJjEGv7HPAn,CryptoWall,BTC-e.com-old
17cFnMQSkf1DoeSpmXjkJ7JaKsmrviWyW1,CryptoWall,BTC-e.com-old
1D6krkzWqJ4S7XruLxkfd1ZB6EZ3bZGjPK,CryptoWall,BTC-e.com-old
17otHPbkfcW3kMi6QSBnzhq5tZBp4t2SSP,CryptoWall,BTC-e.com-old
1AANhoHmYXe163SChvkuZvv4MmTWqVPCY9,CryptoWall,BTC-e.com-old
1Nr3PagwU51QSd25rN3PUzS4r2mZyRVrYp,CryptoWall,BTC-e.com-old
17T6awSrDPNuky22kz4ck2v1sDESZpqu5j,CryptoWall,BTC-e.com-old
1JokAp4j7iuQabbXzdJYG2Wibn8bxmPvT5,CryptoWall,BTC-e.com-old
1NXFVqjkNJjmCwZRpdvZ47ZeSVEa9jm6y5,CryptoWall,BTC-e.com-old
12qPtFhw9UPL8HvfSsSjvqxeFXp4hRiWym,CryptoWall,BTC-e.com-old
13GyJdiYM3bba2YacKtL1QjkQjTRxuLcWj,CryptoWall,BTC-e.com-old
1QAVNzfCo61YFbHHUcjSc8uNuVDKa9DeUK,CryptoWall,BTC-e.com-old
1G5xjJrQhVaELvnVwHCXDnxCZLxTMpPrci,CryptoWall,BTC-e.com-old
1KbRz2QxvNPHQCTsFENSDjgN31uZJiomwi,CryptoWall,BTC-e.com-old
19muKWUMtjzrSyCWR7a4gdCzGCmoHKLACj,CryptoWall,BTC-e.com-old
1AdkCmGUJ3rfiGhSfNbseQnY7Aq5EgvT11,CryptoWall,BTC-e.com-old
13Yi5TELsUp1jZRkC7paGJWDhL9JHSWaKY,CryptoWall,BTC-e.com-old
1NZhNFifeQ9TDfXSTBmmtgtB9cs3DnePXX,CryptoWall,BTC-e.com-old
1LDTj3XDTdFyGRoVUrCq4u6x4SYCRqQdDe,CryptoWall,BTC-e.com-old
1M7DgMsxLD8xrGp59p6Mkr5uHFBkmn6NbH,CryptoWall,BTC-e.com-old
14Cs35NjioVQR8R2M46MfgzGCX7L1AgHjv,CryptoWall,BTC-e.com-old
1C6pifVC7JqQQWHoDG3UUj7Z3CMD6EUMEe,CryptoWall,BTC-e.com-old
15r8BMzyyobnRPxFFELTiTnKvWPHmKMPDC,CryptoWall,BTC-e.com-old
17GPaXQx66FDoybJ8mn7bMwxTobrhAGYqz,CryptoWall,BTC-e.com-old
1Hd9p6GqvcyvM7d9UV9TNMFUNjvdkYotC9,CryptoWall,BTC-e.com-old
1DRGWqq6Rex4kUjNRYmefCugDYRRrB2P2w,CryptoWall,BTC-e.com-old
13RiB9rBnDY7oDSkH1ayJo6hZxMUd4NE9M,CryptoWall,BTC-e.com-old
1DgsxTRvJrwL9oaMCFw9KDEbxqvdsxFocV,CryptoWall,BTC-e.com-old
1LtiNBCtBn41ZZ2Adpw7uem44hqa6SyaZx,CryptoWall,BTC-e.com-old
13YWHgmg7M8JMcjKZUkif6nYzcWBAFdUMf,CryptoWall,BTC-e.com-old
15WgjC1My84DLWYGpsw3249arrxYAnw9Cr,CryptoWall,BTC-e.com-old
13jWVaL5Qg77263TJiKuxk6SHHLzfmVhkM,CryptoWall,BTC-e.com-old
1dJNzZKqCT4qnNRm5WBWowtcUM2owxhde,CryptoWall,BTC-e.com-old
15nGXwJ27grTfADUgUj3A3Wus6uvzSgHHS,CryptoWall,BTC-e.com-old
17vuNkpS8M9WUxSVZzgPiFvUTSGupdNcC2,CryptoWall,BTC-e.com-old
1A2NFtEDTo5ZEQe4q9oLeGjak7x6UfQie,CryptoWall,BTC-e.com-old
15igy39vH1ECx85yunQaEibsDjU959gKcf,CryptoWall,BTC-e.com-old
19rUSohfSPmxCXNQKtSpM5QaeviZVedjsu,CryptoWall,BTC-e.com-old
1BPUkb4jgN8Yzjd6PTVUZRat3cTtkKB8si,CryptoWall,BTC-e.com-old
1DVThQ2cJJ8RH6H7LqF7795ukZmg6x2NaU,CryptoWall,BTC-e.com-old
1BXBn3qew5eDgQFYnkr96Je3PvfepfXXpB,CryptoWall,BTC-e.com-old
1MJdsj5ioTFiTURwCfgJNDCTZSBJGEchLH,CryptoWall,BTC-e.com-old
14sd5SGmjGBpKKEXEfyMyQeT3sfzf7HpBd,CryptoWall,BTC-e.com-old
1LV1EuMUiRARk1f3i6jViipT97DKbtV4gz,CryptoWall,BTC-e.com-old
1Pge7gKopZvR313Sejz3itX2EQYCupp5EJ,CryptoWall,BTC-e.com-old
1Lv4R1aZ8nWm3FetEY6JhNQjKABL9v7Cwn,CryptoWall,BTC-e.com-old
126UyNtwnh5DsTXffsdqbd5Et4g6wGLAxi,CryptoWall,BTC-e.com-old
151PbBpKDg2r64akgSaBtzhKJeDG9CTozJ,CryptoWall,BTC-e.com-old
1Q19fZEqTmUs4U37Ng2hVx4Xx2ZN7b4ZD9,CryptoWall,BTC-e.com-old
1Ds1cdzK71cu3z9SxowP2Ebn8oZ621mY6Q,CryptoWall,BTC-e.com-old
1FNXk7RVaYjMFAU3kovDeHpYueUj8PkYaX,CryptoWall,BTC-e.com-old
1Gjc4Xo9QxaYugm9jF9GJHY22HVCBprBjE,CryptoWall,BTC-e.com-old
13vrDX1xWw15J4EK4gy272VPbXEt4RHwoU,CryptoWall,BTC-e.com-old
1AshviGqGsPLMjMMTMnQx32x8P8YzrCCMz,CryptoWall,BTC-e.com-old
1GbbEYHri53ZahtCkZax4gvCV99LKwtR2u,CryptoWall,BTC-e.com-old
18G6U6ooYTzRosUGdAJVDizNXSZ3RweUPv,CryptoWall,BTC-e.com-old
1AxRHz8UdMGU8YvyDKXSeQsQrVApWp7zsm,CryptoWall,BTC-e.com-old
17S4hYn8yB879eddBXTE1rSGMQptvwpPTp,CryptoWall,BTC-e.com-old
1DcoswbrB6xyWUkGgocHXKxeHVmd35xYap,CryptoWall,BTC-e.com-old
1CVnFoMNwbfcBWhuuLHa1V9kUGoSy9T225,CryptoWall,BTC-e.com-old
1Q4bpdKXGzGoXDSYBxSZx9Yn43hDY9yVKx,CryptoWall,BTC-e.com-old
14ySXHEQUG6549U5ma8nwDSfbERDv1aca8,CryptoWall,BTC-e.com-old
175rsfmQu7sH6Y9ejt32mMG6d8UDxwHdG8,CryptoWall,BTC-e.com-old
1H9mnjF5TMRPW7AWPpjyNuEfbQ5Z7KGY6i,CryptoWall,BTC-e.com-old
1FPxiMt5hUf66ktjHFCsN3eCvf21zD1bX1,CryptoWall,BTC-e.com-old
17Fx8pf7Vbt84YCiQtXCkqVf2Mb8jQ1Wiy,CryptoWall,BTC-e.com-old
1NYsVCAFpZfBGFxzECNZfoFomCtJkLgTxk,CryptoWall,BTC-e.com-old
13kaDfmmvVqYUfc7NaAyZEjNU62hm33BiT,CryptoWall,BTC-e.com-old
1Jpidywtu4YEAjYStFxGdXAuE4v458V5pk,CryptoWall,BTC-e.com-old
1EaoUEnq563QGDqQUfZX4dFmFL21zXPRTr,CryptoWall,BTC-e.com-old
17W875xxE5FimQ1Fqs4nVV1BhT5UiJtWEp,CryptoWall,BTC-e.com-old
1NMP9y7MnfkktQJEqCpbZYdMs3UMPtG1sa,CryptoWall,BTC-e.com-old
1G7x9DJBYQ5wZvGXzFAtbreGL8EVuLr7cZ,CryptoWall,BTC-e.com-old
1NU1iutKcrR5NbpR56uH2dBfi41GCBReA8,CryptoWall,BTC-e.com-old
1D5SnSHUPaRK17ZcdRB3gEGfHec9hUZGQR,CryptoWall,BTC-e.com-old
1NUPPmQsJfjQaxhmqCUgXEJr66bZ69rgYf,CryptoWall,BTC-e.com-old
14sLg8g1yva2R8ozHYYE9bKZqEGTyz1oDW,CryptoWall,BTC-e.com-old
1ME3N1i8gvxdb4oihDkCFpiSNV7w6XrhHo,CryptoWall,BTC-e.com-old
12qjyoNj4HJ7JWmhjdhe5Gh9WfcCgXiPGX,CryptoWall,BTC-e.com-old
1M7sMR8Zc5V93mg3JMV4oGaWHATP8182S2,CryptoWall,BTC-e.com-old
12JUSKAP1oQbmWr9xzpBkXWGmQQKJKDtGW,CryptoWall,BTC-e.com-old
17a23FiqgcUVH33N1kYoqAVYw7tf8P7Lzo,CryptoWall,BTC-e.com-old
163neyVd9FGyYRhTF8FMYbixCDfAZJsu31,CryptoWall,BTC-e.com-old
169gbz5QMVM5d6ViD9gGbP8YYJkm8n2cTY,CryptoWall,BTC-e.com-old
1HmUy6Q4muh3g9dHhoB9DmM2biZ3wBEDYq,CryptoWall,BTC-e.com-old
182WYcU95yrWqZFQk6uHR7aqWQ9eQTY1d7,CryptoWall,BTC-e.com-old
15Y4fRT83GgN8EtrvD8cn3dRrWvECUcnH3,CryptoWall,BTC-e.com-old
1MSiPjz1vMDaPY4y5Uw3T2cfuZcxekBdUe,CryptoWall,BTC-e.com-old
1625L5rWfAUoDXDGiNitGkSkkhsFmJeYjd,CryptoWall,BTC-e.com-old
1FQ3qYVeYsvnsQhGbMtg5vR348FUQ9itzA,CryptoWall,BTC-e.com-old
19uVmdss7vqmBoWbmMnjr9VhMQdDtGn2mo,CryptoWall,BTC-e.com-old
16mxja7PWwJPHkGC6R1fmfNKbGyrEFsogV,CryptoWall,BTC-e.com-old
1PQiGU9ncc8GocCvP94gYaaSyCWqt3D3ee,CryptoWall,BTC-e.com-old
12Ny1hZZw2UysjPTv6XaGy2UX6etfNV47x,CryptoWall,BTC-e.com-old
1EeXUBjCGCuxaqKgR2rKuaekyF6Yt9ecBK,CryptoWall,BTC-e.com-old
1EhrnRyaaigPMKhKyfkbjiaNkMK6BFCdDH,CryptoWall,BTC-e.com-old
14Gw41vzSXM9JWYnGZuaxVVzqVojAU8wu4,CryptoWall,BTC-e.com-old
17TBwzwYQUekyCHv2L4BikRtLAPkniPFao,CryptoWall,BTC-e.com-old
13pLgHKLnZsyxYWWtVNQV9Y5sEtvxm18uk,CryptoWall,BTC-e.com-old
1Lu2ZiVG6dyaRrGS29XamXSuKmqJCrsGAb,CryptoWall,BTC-e.com-old
1MiVgMzYXzTxnP4R2ph3S7xmmtr6njQtZV,CryptoWall,BTC-e.com-old
1KW9XiA3XC3GEesTwJNkeEbZSKicCtR1X2,CryptoWall,BTC-e.com-old
1FJdqg6iZTvcwo6qZHszyBA6qWBuDFpyqK,CryptoWall,BTC-e.com-old
1NApriA8DLG2RULJFNV8LcF2RzNg1RXUwp,CryptoWall,BTC-e.com-old
17y1RELB2fhCFVKcN7ETzpPpS3MvNmUdRQ,CryptoWall,BTC-e.com-old
1BLWdieJGgs2fHagPrTPjg3PHTCnwG1oFG,CryptoWall,BTC-e.com-old
1BZED7EsGSETHZaj9C3Xar59yw9i7qQ4jJ,CryptoWall,BTC-e.com-old
1NHHumCT8FFyUmeVLNgc7FZsBXAAgHWpzd,CryptoWall,BTC-e.com-old
18rPZRsWeJbJa5pqkL8X5xTJvvxyfhchiY,CryptoWall,BTC-e.com-old
1LxWigogyzZ88EQhtQT5Q1a4J8KHZjmPs5,CryptoWall,BTC-e.com-old
18uB5DKW91T9gLeoMJRT7gibXRntnhwvY6,CryptoWall,BTC-e.com-old
1AYH9aoohGRBt7MknanQL7jkRApDRTkJQM,CryptoWall,BTC-e.com-old
1MmTNyaR3GYsBoXGjTa3e44mchqESDpX3k,CryptoWall,BTC-e.com-old
12dXyAjMSfoPesbqfKHWMnHXTVyhPBLoEY,CryptoWall,BTC-e.com-old
1NVdqUuiJzftrPkpCG7nrSyzzgzLqjh2Q7,CryptoWall,BTC-e.com-old
1JeoezmWeQY6iq3UQK39XYUQ9ZDxM5P1yP,CryptoWall,BTC-e.com-old
1Da8gfGQjwuZ6kFTXu6CvuZb8rgJzprNTo,CryptoWall,BTC-e.com-old
16VvAMK6bXv5Z73gs8ZhmU98pBSu61JiRi,CryptoWall,BTC-e.com-old
1GuFawYgX9mzd1kiPwSpPKUELdDqcXrznd,CryptoWall,BTC-e.com-old
18D4ARFRSyyzTiBN8Z7punVocSJPnhRyM4,CryptoWall,BTC-e.com-old
1F54qevVKwuayqb4xSGpbMEEAUY6CCR84D,CryptoWall,BTC-e.com-old
1P8NaMM6fkwU2NJY6JHB9ZGcsv8qzG668k,CryptoWall,BTC-e.com-old
1KfzuMBewix7JW7JgvYuHdiZiWh5RGcuNZ,CryptoWall,BTC-e.com-old
1DCHw8ij5kxut9Moir2kMKudxi4m8FDayA,CryptoWall,BTC-e.com-old
16CfrwyVGnvMZnnMZ3qi16JKaMBmhup8ni,CryptoWall,BTC-e.com-old
1H5LN6GjE1gxsz89Si97P1pv5WyZW5EfP4,CryptoWall,BTC-e.com-old
1Kj8UMkbBVk4gTg9Nn56LSkUgzKwofMUBu,CryptoWall,BTC-e.com-old
1mvkJuN83bAaGHJovsNCyS4e6Pz1dvR6G,CryptoWall,BTC-e.com-old
1HjT8wiTBieapNVfrSh5r9rt9PkqZMQPjR,CryptoWall,BTC-e.com-old
1BrTUFN9dTnqiGAkFyK7CoKWfNky6nVAzG,CryptoWall,BTC-e.com-old
1MfTd4nWLxsg49DwSU4DSeCaVsw2DZcF4U,CryptoWall,BTC-e.com-old
1AoZka5UZpXFZrPcjAm7nD9xuTAok3JznW,CryptoWall,BTC-e.com-old
1CKasfh8rAywPJPn9TJVzs6K7d7p44UMHK,CryptoWall,BTC-e.com-old
1K25brjrKaiVzzV5dFFCWoXe8eKGCQWd7U,CryptoWall,BTC-e.com-old
1Jw63Acmp5kenQQaNw7k4YFUVeoDfxtvFj,CryptoWall,BTC-e.com-old
15iteexDfHBSjA5v5wzTzEdqsYdNw83bVR,CryptoWall,BTC-e.com-old
1Q5QzDr436n83DnJZm9gbqSMjRkWfK4iPb,CryptoWall,BTC-e.com-old
14muyeGgJ8PNhrCyoftBwFSwmQELydVLYy,CryptoWall,BTC-e.com-old
1EgnzzfB5XXfjEu12bFS4tcL4tm3pai8hc,CryptoWall,BTC-e.com-old
18ghH1AMTuzgaLSsXPRn7pdE6JhT7HpqSn,CryptoWall,BTC-e.com-old
17tADye7yWwbv7dbYmj23RWqHCRsYyyjkW,CryptoWall,BTC-e.com-old
1C3p313sMzVrhzNiLiR22ub2GmYDREKDT9,CryptoWall,BTC-e.com-old
1GbKD5dNUuXasRuC3pLpDmxRGMfgiPynRy,CryptoWall,BTC-e.com-old
1HN47SuXtoE45GmeTvWNHQQLa99a8HEmPA,CryptoWall,BTC-e.com-old
1AJ7JhMvk1c4zXk769x54FNTEB4B4SKnUs,CryptoWall,BTC-e.com-old
1FPnxtahEHdSc4Y3jdXGCzcAVBHEtr9peu,CryptoWall,BTC-e.com-old
1HH4LLf7TbrhmMK54YZAhnb7a2tWFyWvH2,CryptoWall,BTC-e.com-old
1A1H1nzSZpQdsKNkvjMZTQhTjcbE8PZ7Gw,CryptoWall,BTC-e.com-old
1BcAWBXiJfiuPkZvf44cAnAD81LNiS6zyZ,CryptoWall,BTC-e.com-old
1GdUdKb2VruwyTjN1ytbDfZMjce4zHmewn,CryptoWall,BTC-e.com-old
19TwKDLuVLZAWbPrPCHZVHfJ24h9dxhReo,CryptoWall,BTC-e.com-old
1HtqeWmdftVtEQtrhmqhH6G5Wzs7FsaWCx,CryptoWall,BTC-e.com-old
163W6k2SUCsfYsXwq3bLutdGybdCZcqgkf,CryptoWall,BTC-e.com-old
12jW5ZAhPXQjCDPhBDPXZj37UoBpVjuzMv,CryptoWall,BTC-e.com-old
1bKLeWaxVbBY9Wdb1Njp5djYFrLGz17BT,CryptoWall,BTC-e.com-old
16Ure7VvWa1TmbvtvMSzCVfmPuEhS3LcjV,CryptoWall,BTC-e.com-old
1MrSZWCkNsrVHYhP6pJvtUkintSBJXuAnw,CryptoWall,BTC-e.com-old
1JduhTVwBfSHzwwGmx4RcXcsUFMXWsdYDT,CryptoWall,BTC-e.com-old
1Kn6UMrBLWxoXaVjGWbEdpi2jN1Ttut6pZ,CryptoWall,BTC-e.com-old
1A7re1RgkN4YAPM5PhbpXXLg8jHrd6W8Xm,CryptoWall,BTC-e.com-old
18urigp69qoh2DEWoHhrHnyxXxH1F2UNnu,CryptoWall,BTC-e.com-old
136SJ2SzNkbFsbZMYBgVwi7cn2YEL9ZR3x,CryptoWall,BTC-e.com-old
17xgdLs6UfEffstrQwJoxRRkCejVWLpcoN,CryptoWall,BTC-e.com-old
1HKsv2qKchAXZ7jPF54MqQs7MAhdGuVidp,CryptoWall,BTC-e.com-old
1CGrVR8APHHXpUAjDAwab2g2YjxLcR1gAY,CryptoWall,BTC-e.com-old
13wwCHD1be3zDY6aPr6oet45cPGbvdZv1M,CryptoWall,BTC-e.com-old
18ZnjVLy2KS4J68yYq1W1evzk2WhpvE1ct,CryptoWall,BTC-e.com-old
1LP8ZKPU48gVUWwdkidJ5nQtjzwNqbGGHz,CryptoWall,BTC-e.com-old
1PjrM2iHL1vfCCmZt71iPeuokZRMGdkMNW,CryptoWall,BTC-e.com-old
1Msi6BKBY9Q72cFUBPi1CjNxnXgmncu4wZ,CryptoWall,BTC-e.com-old
1HDLQKmphdNkZ91uPxw4uMc27s9K2YaWNq,CryptoWall,BTC-e.com-old
125nzBhomPsMxSt4KwJZzBwE2ZEaDPi3ip,CryptoWall,BTC-e.com-old
1F229Evjh897thrp6jVaE8dhpq41WnGKTE,CryptoWall,BTC-e.com-old
1mqvcKh6xbnVnwkzU3ufKFG8GdEdWSiVt,CryptoWall,BTC-e.com-old
1ERPwqoXqGzYhea55N1UTAEAckcNyYCRbF,CryptoWall,BTC-e.com-old
1P5uM5a24mtFqgXbaQBNgfCkyFzQ8uF1oW,CryptoWall,BTC-e.com-old
1CNHvjF2Hj3WxayNh3N3vYUeVuxA18sTym,CryptoWall,BTC-e.com-old
1BAxypVNBcRqwTWQB73Kv3KEcE47BB5jZY,CryptoWall,BTC-e.com-old
1CD32MAtJ7UmUqTMkqYTeoV3VCurz4ZZEV,CryptoWall,BTC-e.com-old
12CF9gUTUdpVt93stRw5RdfEhvbGtsSDsF,CryptoWall,BTC-e.com-old
1ixUwkzraq6ykP4MRDwfMVVrWX5Z4Lkvm,CryptoWall,BTC-e.com-old
1LWU6Kt6t9JiskkWkoEBCAudMTzVrSrHfa,CryptoWall,BTC-e.com-old
13dEcJGoAFMXvNgue5iB848oq1J7sL3Fxu,CryptoWall,BTC-e.com-old
1FxN5K15s575WAkeC8DEAnaJZDkVU1iVCM,CryptoWall,BTC-e.com-old
1AnaZ9DXQvdXgLcL6EBDtZjM2bhHFM2i8a,CryptoWall,BTC-e.com-old
1KKSRs3Q7XSokkjyXRWAPxRW1JPsddEcsc,CryptoWall,BTC-e.com-old
1CtPkqREoqePerZCZqej8PA8gX7TX15t1p,CryptoWall,BTC-e.com-old
1PEHwt87M7xTCHG8cJewhxKtT2VBMS9YH,CryptoWall,BTC-e.com-old
14oxy8i6UL3qmhW64mvwK8Von97PKaJqET,CryptoWall,BTC-e.com-old
13LfmWCDEBaU9ozSedEpieJwweAoDQDXgc,CryptoWall,BTC-e.com-old
1HDbEiVzeeg9HAQ9V6veQC2euQXpLYeJAE,CryptoWall,BTC-e.com-old
1Prz2AM21sHNnNbeUnABTzaEqK7mTpg1ax,CryptoWall,BTC-e.com-old
16TS1tCRN294dt6J18EfaXVmi34gNswcBm,CryptoWall,BTC-e.com-old
18biVwUSt3rwWnBaozgcufEGbYEYn7qkU4,CryptoWall,BTC-e.com-old
1KiXNs9CVvKpBHFFZHhH5CsH8cZCskD4AX,CryptoWall,BTC-e.com-old
12g4aEpE1opGB3xJ9ZL9iCLV22ddT9DhfB,CryptoWall,BTC-e.com-old
1Q4PqqnHQrzxtJG3bq8NfCt8rN4TB5PoNz,CryptoWall,BTC-e.com-old
1LNqxbx1AGE5RWG8CUwZKFcPvxcA2DzqBC,CryptoWall,BTC-e.com-old
1DqaSubPQH2R8qsBUAg3AbNyAQizax6ph9,CryptoWall,BTC-e.com-old
1PHdsCqhqdg3yCaAncwVQRWmEVzHJsRB11,CryptoWall,BTC-e.com-old
1NBHR4jioHvvEqZoGQFdZ56AQKztDGnSBs,CryptoWall,BTC-e.com-old
1AbbNM5Wy1vVeh6XQerN4GHLbfPHGEvyfh,CryptoWall,BTC-e.com-old
1CBygxNTs36BEhNgn7ktuwts4DZpecorFQ,CryptoWall,BTC-e.com-old
1AxvG3LienAPDhUccdNNoo5TbUC12wNnS4,CryptoWall,BTC-e.com-old
17XfFyZxavUfx6cUAGG93iXRic2wtExQsu,CryptoWall,BTC-e.com-old
15gE9rH2QrAZBBTNe4xDaNXEkaQeyypcrj,CryptoWall,BTC-e.com-old
19kkfV4Xat9KBqohJUS1eiMyKRzXwZU7Fw,CryptoWall,BTC-e.com-old
1PUopqHuSKojGRiSmULyJ3F3qUvVtrVtkb,CryptoWall,BTC-e.com-old
1zKjAGkomyzMarKQFvWVjHWMgFWdzBaUL,CryptoWall,BTC-e.com-old
1MRrS7tJqSpaH6UmLVWyxzYMXjWoW7xoef,CryptoWall,BTC-e.com-old
1LNu3ruUZRS1YJWk6zd2sFLTyvJkQ39g3J,CryptoWall,BTC-e.com-old
14Y66mK62MfsspSbbead1ivksyqXCoyG9o,CryptoWall,BTC-e.com-old
1L3EtyjRnvAjwEdy4ocE7EyFDX5YVkD7U4,CryptoWall,BTC-e.com-old
1LadJCTaxJb7VF5FZTDg8uaHjVQVfpcNNZ,CryptoWall,BTC-e.com-old
12DENEULfbczz6bXUH7iNWjSFcifK7RkfA,CryptoWall,BTC-e.com-old
131m9VRZw8Pr1oYYx5CoDCXBsSLm9jm95m,CryptoWall,BTC-e.com-old
19ZkojTEvCbbP6VYFE9g6u8uj2EsJkTyXH,CryptoWall,BTC-e.com-old
158FUXV3Rew11eynnLge7cnAZqyghJ2UVP,CryptoWall,BTC-e.com-old
1GFhvuyZZsSwGWdqgvaartXNnaGHfq85e8,CryptoWall,BTC-e.com-old
1GDy9YCdniXVu7s3cscSFnvJG9ciuzqu65,CryptoWall,BTC-e.com-old
13ksvWqRsRMPWxiSAPZSTmvaSdYbWETfA4,CryptoWall,BTC-e.com-old
1NNN4U8WRzkCu5Ce3j2k6HpkXHvDuSQaA8,CryptoWall,BTC-e.com-old
1HD2tBKiP6xHPpVr78QCBEUX9cUrQ2EgHA,CryptoWall,BTC-e.com-old
1A2iXGFtBfBKY1HDfKy8Mir9c8pVTzKX4M,CryptoWall,BTC-e.com-old
1K4fpD18RbjH4BbsxS5uKmWQ2Y5edRqhgJ,CryptoWall,BTC-e.com-old
1C9Ax9Fa4gHxTcX9QK9J9HtTGVsdmUxi7H,CryptoWall,BTC-e.com-old
14dfCNz85Z9oQpe4e1brTnyf7avjTidebm,CryptoWall,BTC-e.com-old
12z5oVwVJ9SUAmETXRih5vdM5XzGqq8EyG,CryptoWall,BTC-e.com-old
14az2AEBLSRZanUiRe8gPZ78LcYhJGqYLy,CryptoWall,BTC-e.com-old
1MJqDLvjLSmhdz9iut5QrAeXtGBH6VVHGC,CryptoWall,BTC-e.com-old
13HoNfxYo272cQqEYYYrztTtYjwXSKf2gp,CryptoWall,BTC-e.com-old
1DwSdzdsNatKdk8RXWViLdUADfMgWYczWG,CryptoWall,BTC-e.com-old
19A9Gt2r9feNyS7FGdgfkQa9mJW4DLqU1B,CryptoWall,BTC-e.com-old
1HSM5okvo5yWbAqk1ZE9M7askPqWXCajV2,CryptoWall,BTC-e.com-old
1JxhEFAJpG1FLMGBCiEbULpWQhucXMM7MW,CryptoWall,BTC-e.com-old
1GvF9STre1nzATvdYFHPpJfhs8LKubms83,CryptoWall,BTC-e.com-old
1KKCjTM2qYXYXUH7zoinDxhiv4Xv5bTdKC,CryptoWall,BTC-e.com-old
17zo2svVhSvsr1D7295paNvifimadorn18,CryptoWall,BTC-e.com-old
1PWaLWxWSyGaq1vdGUkBQZtMBrW1FhXt4u,CryptoWall,BTC-e.com-old
