1EJTAtajuLgUCKLEKhTBtGpJCoDACcfDE9,CryptoWall,BTC-e.com-old
1DQNQNeGBfP8bGLJkdMSEBYz7rSViUVmM9,CryptoWall,BTC-e.com-old
17wVNUn4ukWHTx7eFtFAbHQiGMoWUqUoFK,CryptoWall,BTC-e.com-old
1DSdsZb2cbkrxfpLQdYcefxX3Wf4rfSiGE,CryptoWall,BTC-e.com-old
13qYkD6RHbU2wEo9JBgWH5PhYFu4T3eqbT,CryptoWall,BTC-e.com-old
1LvDU8yMn9pqJPPKt9nTbR5GUGSRHqK9Z8,CryptoWall,BTC-e.com-old
1eNBiuYaW7cVU33FvhGxT7NPPdCniSvvb,CryptoWall,BTC-e.com-old
15JtP71VnBUQx9u8N9ZByfEZoEzyfXPEwp,CryptoWall,BTC-e.com-old
15ssbjuCYUETZZZ7o16KGYPWNADY9fT85w,CryptoWall,BTC-e.com-old
12WP8zDXyT8UKgg4F3Qct7nAxraCbgrMwi,CryptoWall,BTC-e.com-old
1BC59Eg2FNRU9YHbS2RhsXEzEkoEoEZi8Z,CryptoWall,BTC-e.com-old
13ZdzbsyZCtapx3gkF3pX42GjUfxeaeQTQ,CryptoWall,BTC-e.com-old
1BfeZZjM8jLhoTz5ukJt1BUkE5cLv8o7wd,CryptoWall,BTC-e.com-old
13jrytSwQL2xMzW2SoUhDXy6TpqzN2qJe9,CryptoWall,BTC-e.com-old
1E5MK8g14Y3apeEFpjrmtbrp6JqzWQdmVr,CryptoWall,BTC-e.com-old
1JCCfyfsYxzjux88wqq5BzMXYf2orb2hsp,CryptoWall,BTC-e.com-old
1MthZp3tRayYdGEFTQF7tbuFE49odD5GGp,CryptoWall,BTC-e.com-old
1FMxx9VWRpfdwevADmjjjubx53yT9ToyYi,CryptoWall,BTC-e.com-old
1NdzqShzk5DYj5vCGEHtrC25bEuENa8ZE7,CryptoWall,BTC-e.com-old
13iEdGLQ19doP19ynGZTVkiGUqZzoSaMri,CryptoWall,BTC-e.com-old
137EGm5TzBQ78TTbeiiiFmVg9i3zyyUSDB,CryptoWall,BTC-e.com-old
1G5VVnU526671sX47tMXkAQQon2Lu2NJUf,CryptoWall,BTC-e.com-old
13UnvCRb6dN1epjXQ7eBAhh1QAD2gcGHxZ,CryptoWall,BTC-e.com-old
1KQHKDBhZ9TzXifkMnVdLrdbFBFagzPa66,CryptoWall,BTC-e.com-old
1NRdTepX2czHAi4oDotS5drAfWYcj8LqDE,CryptoWall,BTC-e.com-old
114TqaapeRvrQzuwsxQHxLWsg7uYWewx3c,CryptoWall,BTC-e.com-old
17aB8LHEeoA7EAjpTFn4R27mtNLqVRsXGq,CryptoWall,BTC-e.com-old
1JFGNGhTxGpTpQeh1vGHJH2oSGLUc18g4p,CryptoWall,BTC-e.com-old
19EhtBVtVwKfotau2YypW4VWbgCC8VXJ2X,CryptoWall,BTC-e.com-old
12tZum6cYyxpjyiWXPcxJ9MaWzGCSwHTnj,CryptoWall,BTC-e.com-old
18oJF22tT33CA3Y5woWz2D2W39pHujrhMR,CryptoWall,BTC-e.com-old
1P4daZ8KsNQsiFioDS8sJejCfuQtGzAvTu,CryptoWall,BTC-e.com-old
1PB65kNqSb1Er9Yn67zPomhcF1bv5cS88r,CryptoWall,BTC-e.com-old
1Fur8vWz3NmqanbfXzotB1HQhhjE6hXHiU,CryptoWall,BTC-e.com-old
1F6rkdy3bmNSNJqhU8f8i28kuzs7c1dnVA,CryptoWall,BTC-e.com-old
1EmthvVjZDt6w39vGtXPeisALNHecYfTPc,CryptoWall,BTC-e.com-old
1Jvf7yjyVX3dMkh9vsFUX8CgHAbUEr1xJe,CryptoWall,BTC-e.com-old
15zPcJ6DhV8e5fdq6fYchGzZedeu28fV4n,CryptoWall,CoinJoinMess
1A3zqVnwDae265CNZeqF7NwDRAyZ1NPk4e,CryptoWall,BTC-e.com-old
1FSi4ufrTHwVs1chvZDqiSWjykJkuyWxcL,CryptoWall,CoinJoinMess
1E3ECoCsrVfAkdnz7qvjptpXP5ySdwEmxr,CryptoWall,BTC-e.com-old
1Mvppza8wVRvkRR5VvaTuvmZzQ14sMeB75,CryptoWall,BTC-e.com-old
1MddSDdrMBB2cNMDFdh5ruC5khe2L8Seua,CryptoWall,BTC-e.com-old
1J2bb99Zr8rZitfyjbqqvjVuXTbSWY8jsK,CryptoWall,BTC-e.com-old
16AC9enqsTrwWMEM54HfB1qGjJ4CYKBnS8,CryptoWall,BTC-e.com-old
1GV9AGcVKmAYBvmYyUbw5UB1XVqsbmYXSZ,CryptoWall,BTC-e.com-old
18AAUuRyJ18T6nKHhH5jnEKPwdShxNLGHg,CryptoWall,BTC-e.com-old
1NQN9d54kV5yNTVzPgQ5XSw6ZntXhU8ce6,CryptoWall,BTC-e.com-old
1GQiwRiPwL68Ms1EM6J2P2etTUULAZg4Wp,CryptoWall,BTC-e.com-old
1LBnTsAHsYXN8knz6yi7j6chRj9LSHc3yy,CryptoWall,BTC-e.com-old
14vZ1gzUumeSHk7W6pT9Kgf35DNjksdygb,CryptoWall,BTC-e.com-old
18wZ1Zn7dGJ5nLMZdLKaMsptppwxzUTXUi,CryptoWall,BTC-e.com-old
1CUB83HpFr6SkkJyXSX5PdKebG12AasL9w,CryptoWall,BTC-e.com-old
12pup2QzYbtjWWNaDpgkZcyND8KFnbdWhK,CryptoWall,BTC-e.com-old
131BvuXYikWVvgpaxkVm468Mfa6qThD1jE,CryptoWall,BTC-e.com-old
1KSf28bNozrxSWYBKZw2WH79ngHJuKoceJ,CryptoWall,BTC-e.com-old
18S521QZvfzdxd95bSMigLox75MGW33DY4,CryptoWall,BTC-e.com-old
1BHzEeonUQfQ5viW94Rmif7TUz2fTXfPKe,CryptoWall,BTC-e.com-old
1Gq7vKFrME43WEZg8w91pYo9P78AEJ2DVt,CryptoWall,BTC-e.com-old
1zSdP3qVEUSzqr9yQwgpTJ6nBF1qsUfLQ,CryptoWall,BTC-e.com-old
15K6K3U9qPyFX5WPpavbVgowA9euHDzaNT,CryptoWall,BTC-e.com-old
19VKTwZ2jGza2eNkSgYu3Mg2FAWJaDq8D4,CryptoWall,BTC-e.com-old
163jQ5CJ9BFEoZab27BuRPEzVBvTjnaPJ4,CryptoWall,BTC-e.com-old
1ATqjBtWQNffr5tWU5ru4vhyxH4EdYWhCs,CryptoWall,BTC-e.com-old
1P7ncP5DBfBdaEC5xyh2vf873zJTXV7Btv,CryptoWall,BTC-e.com-old
1G96F7jT18ZkXjS8W6GwnDHvQLQKgtLCL4,CryptoWall,BTC-e.com-old
15LAVHh2StQpMdGunT6shSPTkbeBSNkd4b,CryptoWall,BTC-e.com-old
1MrMMMYhUWoWrVRZEsrPejGVybUy6sPM6u,CryptoWall,BTC-e.com-old
1DoBzUjBoQsvENmHn2g6xSBxxzug4fwX2P,CryptoWall,BTC-e.com-old
1LrywoskDW6o6TAeFk5jSus6uLPEbFHmT9,CryptoWall,BTC-e.com-old
1PwTxZ6kdWxDzD7MNJwyM4LYtoSHUpAM54,CryptoWall,BTC-e.com-old
1Bc6bypNpzubUSf3J3M3RBgQh6FrF4yHVF,CryptoWall,BTC-e.com-old
18DnZb3tUgUhmjAasaiqa3VmPrFkZ1HsfE,CryptoWall,BTC-e.com-old
19pSPmvTp8fAbswkgUCDm4hQcp5znmHm1B,CryptoWall,BTC-e.com-old
18VpywdGzkxnamYohrdHixHR7QxfCSSJkR,CryptoWall,BTC-e.com-old
1NKT4Mn4M1UiZy5zDocndvM1e7cKMVNC7s,CryptoWall,BTC-e.com-old
1M5NUvUJsZ6tiK8cicacc5s2k71cZSp54,CryptoWall,BTC-e.com-old
1E6BsYno6zEMRGDDc4MWDy14jCBMuSXzBg,CryptoWall,BTC-e.com-old
1G2SL5Qm8stuxr5Y44KzubA1T6KNNBZGmE,CryptoWall,BTC-e.com-old
1CZvvuhuTyCQ8EMiiGLLp8erfCn3yLxgfK,CryptoWall,BTC-e.com-old
1LoZEV6PqjsWvw9AkAzmLHUs91xyUDKyK3,CryptoWall,BTC-e.com-old
19sHojzLcp51UGCTEMhjW4jUqp64dhs1dH,CryptoWall,BTC-e.com-old
1LkDpxx6fTJzqikoDmXZPPknPsQ77Hv8r2,CryptoWall,BTC-e.com-old
1HmJEt2ToEXMB1A18MRdwW7G7DDt3EzVx1,CryptoWall,BTC-e.com-old
1LD5Lcx8b7Mb1sTU97eC2AknTa2EN9oRWe,CryptoWall,BTC-e.com-old
1HhP6yNeAk9cU7HNiF4hL3NFFTciAwMCwH,CryptoWall,BTC-e.com-old
1uKGjVGEuphWzu3Q6i2cRiJ4p78xFkxaS,CryptoWall,BTC-e.com-old
17nFJ3zASUWhNA5FecG2o2aHZxKuC862Lv,CryptoWall,BTC-e.com-old
17aG5tE5D41LhSt3RXWuaZtV6DcLeBSE1X,CryptoWall,BTC-e.com-old
1DpSRNh4xRnhgHseyLLQca7gHHMFQ8ifxY,CryptoWall,BTC-e.com-old
1Gs1fu6K84s2udr8Xz89PB5zYmHGndVoEx,CryptoWall,BTC-e.com-old
1kcA1nvVhr5ixtThw8xfoxfwzuRZERRko,CryptoWall,BTC-e.com-old
1AD95kMJioEyeKFi2v49CEkEf4XwBt75qj,CryptoWall,BTC-e.com-old
1EPe7MwjM33voudD5gr3SAbjwW75WFwxpP,CryptoWall,BTC-e.com-old
1JVJj5tmk6gMCb4JyJuwMxyAWPff6i3pi1,CryptoWall,BTC-e.com-old
1P8PK3msM1RTaCnggWkwcdRKv7xAnLQoR6,CryptoWall,BTC-e.com-old
1GHGN7ZucX1MpaEWjc7pHmE6obxBvuXCCY,CryptoWall,BTC-e.com-old
19mXEgQCZECZ4TaTN8v3jGWbBkNbyZ3afh,CryptoWall,BTC-e.com-old
1MYQKkFKrbSmGdwFzi19xfBuWgoJA8zaK7,CryptoWall,BTC-e.com-old
153djg3kw3thvu63V4WAYqyPivAWvZ71Mv,CryptoWall,BTC-e.com-old
1Kkt75xxr4KxAjN8qS8Wu9Vy9vwnuARsPt,CryptoWall,BTC-e.com-old
17PBc69skMD1t7WmtxAT5BXsAus9NW14sM,CryptoWall,BTC-e.com-old
12EnPxbzbEUQWj9t9fYAdoGAU5PrWXZtPB,CryptoWall,BTC-e.com-old
14QKq33uDSDPLjLzouQe5yJLxWh3YuKiN9,CryptoWall,BTC-e.com-old
18smbsvDpyCdJyFWyt22sp1jRxq1UgCEBY,CryptoWall,BTC-e.com-old
1D8E1ZY655EeyWpqZmCVQnDh1tjxKMDZVH,CryptoWall,BTC-e.com-old
14UDVnv8jfbvigZdUmMCDRbDwbSF1PX9vb,CryptoWall,BTC-e.com-old
1F9QgM6w3uoPQJ89a8b1is9AM1TnyFbuWJ,CryptoWall,BTC-e.com-old
1CTw4LGm4wAycE3qj74MymMPakC48gEnxM,CryptoWall,BTC-e.com-old
19zd2MLggi6f1wnPE8xaCVQ5mjcrt2B8Z5,CryptoWall,BTC-e.com-old
14GSibzV5xsicmGZQx6EFwWP8pLXtG5Mhh,CryptoWall,BTC-e.com-old
15swJsCCG9zGZJFrpPQ4qVWsEZPzAv9ERL,CryptoWall,BTC-e.com-old
1ARg4urzV1jqDU2nTBGbsnahrgvgai5FT4,CryptoWall,BTC-e.com-old
1NrG4ZtFiTGUtW4kq5CPgh96X4ZbodVV9M,CryptoWall,BTC-e.com-old
1MxMSGqnR5umMpYSF7rbSM6s3GUJ4Zgqxe,CryptoWall,BTC-e.com-old
1C9tohgSEv5DiY48ptz1zo9qbTxvznAkFT,CryptoWall,BTC-e.com-old
16pAL4D64ZLEcjFbmtUJ2t9FJVhFzWc3R,CryptoWall,BTC-e.com-old
1PWeL9ehc9zfMHA7j6tYhWduvYJSEnJfRo,CryptoWall,BTC-e.com-old
1NjqPPyUDJBhia9Mv4rRFSZWjDyhmdnbmZ,CryptoWall,BTC-e.com-old
1Lz1f4tFRVwb9DdVuoXKE1xrH5XCh9nHrv,CryptoWall,BTC-e.com-old
192zhUbQzByDxXTZe1cuuifFZPwd4iDMbu,CryptoWall,BTC-e.com-old
1FjPnCzzfpbSdHjbicYjwawVzZbbf3wkr6,CryptoWall,BTC-e.com-old
1LA1SZVqcgQJ1rLe9epPd3HAqxG4o81Sqw,CryptoWall,BTC-e.com-old
1AKxWTuBZW7B1Q32hk5QC948ZUm77c4R5a,CryptoWall,BTC-e.com-old
15tsuCNwjo2A13voCLEjFoon1TZ3qxCEc4,CryptoWall,BTC-e.com-old
1PXXGjvTpgmyMUGj8yvcML7kjKbTNe8rRL,CryptoWall,BTC-e.com-old
12DW5hJ1KwfkW4szggLHCRRXrwPUGtBYRm,CryptoWall,BTC-e.com-old
1DAQb1bxJfDVt7tTnzPa41EJdxffpXZzN8,CryptoWall,BTC-e.com-old
18HHyvhwUJyBRFXbeK8r4sowfHemSNQr1Z,CryptoWall,BTC-e.com-old
1PbLjmiWJNHZLuM3VG93RkE16JsuxkNWDE,CryptoWall,BTC-e.com-old
18ZcLDtgg15vhbqiHUhZ24KudQL77gUezM,CryptoWall,BTC-e.com-old
15CJxcwJzKcL9wZLPhf8aRdT1ZiJoe14xf,CryptoWall,BTC-e.com-old
1HNj5T2ez6Ypx5KtXY9tawq96L4tXsHgrC,CryptoWall,BTC-e.com-old
17Jzez7VdcWr4xqynF6YnqiKUemyo4j121,CryptoWall,BTC-e.com-old
1CHztBsCqHabNdDg5yiPTFgw9B4xP2pSSS,CryptoWall,BTC-e.com-old
16bv81aKymcYDA9ovCNM729joZDVkoZF81,CryptoWall,BTC-e.com-old
16MhvCEg6YnuuBWRK7u5JuhsaWuowLR7sb,CryptoWall,BTC-e.com-old
18rewKLBYumG6A5ye9iVGtt4txrSBry26t,CryptoWall,BTC-e.com-old
1GzJY3mQQMHta5kMkSBGjxT6QCCRFaq7DA,CryptoWall,BTC-e.com-old
144UUkKxp7khKhA84iv8ATeh7xm5PnxnWT,CryptoWall,BTC-e.com-old
1H1rf1DgPA83wWWaU4wpeJBmQTCWwZUTmu,CryptoWall,BTC-e.com-old
1H5GtUx37VD1CENkPWGDXjyNooLrNTynYT,CryptoWall,BTC-e.com-old
13XyD9MRf4o1GoZpDfxNEMRLEnreAfCGAU,CryptoWall,BTC-e.com-old
17JmuU7mK85B6pgRT3Rh5RqfN4ajasax9D,CryptoWall,BTC-e.com-old
1MxvZJdXpRszKFpVMSUedS4MP4qqP6761k,CryptoWall,BTC-e.com-old
1G6YynLD8zrsL8oRnZoXHX46abj8wRSb4h,CryptoWall,BTC-e.com-old
1F9fQT3msWPtpuyswEUFxmp54XB4VTMd5N,CryptoWall,BTC-e.com-old
19ephb4dnhPLVgKZd52fcyQMM5wEthdMRq,CryptoWall,BTC-e.com-old
1Edb49shk56vyEFa1x7xDVQ3xWRskRJ9EX,CryptoWall,BTC-e.com-old
1GvMxo5ZLsMA2VjtdoxyTSRNhbgUm8JVpe,CryptoWall,BTC-e.com-old
1CvV5uEHCjAZPPUo3uUz8Ce8MNwzjygWbK,CryptoWall,BTC-e.com-old
1BdauYaGx8yjoA5uxzKmrJCHZDqSc48DBF,CryptoWall,BTC-e.com-old
1H7ErzMKPnwhp4wRv5881tmhGKgheNBawq,CryptoWall,BTC-e.com-old
1KCKhRATh9SxWT9y4CvdH6jyatyHAAnRaa,CryptoWall,BTC-e.com-old
1DvcYWHe4JPpNVKNJGDz5HgFeUaaM1xD3B,CryptoWall,BTC-e.com-old
1FYvhzQ1ASftk6HbRj3wL5sc957Z6HYP8Z,CryptoWall,BTC-e.com-old
189roPwyaFvkvaort73cVfVZQBGNEo5Y91,CryptoWall,BTC-e.com-old
1EjNvwRyZj7ECx47eX6cgXc4s63r5spfSK,CryptoWall,BTC-e.com-old
1JRFHsKeLJNk5xditGQNMPGHsjLHHukmdo,CryptoWall,BTC-e.com-old
1J3tCczYo7YLxAFX12UWusrV8FvBJ8uKRC,CryptoWall,BTC-e.com-old
1BE7Zst8XFhtnhyfd9mNYnoJoi3Hg53aEF,CryptoWall,BTC-e.com-old
1A1HvN6FYqJoPchqvW4CUhqsXZLqezA5CS,CryptoWall,BTC-e.com-old
15xhW7g8WKvEFndYQ1jcvwfWVcM6k8GrWA,CryptoWall,BTC-e.com-old
12NwJQYsDig6EfEZ41hWRnavS1rtbeb5NS,CryptoWall,BTC-e.com-old
1GpAzbFor6StveyZon9V6FqWpsTZRD8FzZ,CryptoWall,BTC-e.com-old
12curAXZ9cCdxBxHiBgBKVHq6aXiEVM694,CryptoWall,BTC-e.com-old
1NYEF9uww41LbPkjJnRseibow9QNgCsuRS,CryptoWall,BTC-e.com-old
1JGceV6W7qZ3q1rPvgom1fXPSi4srWCZee,CryptoWall,BTC-e.com-old
17ciM1GAa6EQqMNmgWuicLGnoNqubWHYCA,CryptoWall,BTC-e.com-old
1QBGqTQeFCVqAJFGTvbKiecCRVrtrowVhb,CryptoWall,BTC-e.com-old
1Puyhi37GjiZQKpmhoFj4y5GRnDPNPxKb6,CryptoWall,BTC-e.com-old
13eZ1KKsjjMH4zBDDaF2ZuuthadP8hAmRS,CryptoWall,BTC-e.com-old
1Hkm2vdkkfnzCKiy2ktwRYr3uFMRnP9wiw,CryptoWall,BTC-e.com-old
1CQAjYcBEsSZttqcm6Z73upnfJHWYyda1t,CryptoWall,BTC-e.com-old
13XZNvSfhPHAvD15o7xY5a5UTdDnKMTfAf,CryptoWall,BTC-e.com-old
12AoTWahn6ryPbRHUJsibDvXSHMeZZz2AT,CryptoWall,BTC-e.com-old
1M94oiRJMiCHQqMYDcStr41QHtcwQzRsnx,CryptoWall,BTC-e.com-old
1FAtmpz7C7R4xHFy2MRcRMpKKTBJtVuuM6,CryptoWall,BTC-e.com-old
1MbiXqv6qS3MHf2hch23ET1azvHTgMnibz,CryptoWall,BTC-e.com-old
1KuSg13UQTB3KeycuQoviAvhUH7Q6N24yy,CryptoWall,BTC-e.com-old
1Gk8LN8KXfVREsoHXAfDHhc8FQwHy3Nva6,CryptoWall,BTC-e.com-old
16oTESX1FZLwmoACHBxtXZbAo5JioLGs1t,CryptoWall,BTC-e.com-old
1FujtxxbXgkAagLTaBsJDMo26oY1bE2ebE,CryptoWall,BTC-e.com-old
16gbGZ9FC6tBpBDYWLTiX33tM5Y3ShyGKb,CryptoWall,BTC-e.com-old
1G7tyjdwMfD3VJdkfhy6fkd1NxYP3HEmJm,CryptoWall,BTC-e.com-old
16pYGsnTBMyfojTcnC1kkyf1NhM2LYWu1k,CryptoWall,BTC-e.com-old
13DRT74StoyVQTJTcmtrK56Aerv1kYGzBT,CryptoWall,BTC-e.com-old
1BxQE8kh5EHjup7MmamF4Jrjy4ZXzer7xj,CryptoWall,BTC-e.com-old
194bSGQYs27xBgVWBdWCArN2RwDyNdKZQM,CryptoWall,BTC-e.com-old
15gew5WAMyDgC31SNZdqKjy7RVNAC17ZLw,CryptoWall,BTC-e.com-old
1NRDrZcNtVFwtLeYuc9fb8dJvvCsC32GUL,CryptoWall,BTC-e.com-old
1PgJoLPBf2QFR4S28VRoLTNhxNJspHDJj1,CryptoWall,BTC-e.com-old
1FJCjoYzB7GWQ6x6NydPdBWTYmpAypLexW,CryptoWall,BTC-e.com-old
1KhNGE4RWBDJVZvMva2jnDWj9TuozGqjek,CryptoWall,BTC-e.com-old
1GpYK4vacsEQ2buPJyY3JHMtnEFsRpneeP,CryptoWall,BTC-e.com-old
13FHGXF9ppDzz5BHVmDye44Wt1DNCynhfZ,CryptoWall,BTC-e.com-old
15QwGTStTVLJcYWn7raBH5ekdhWhSKZTgQ,CryptoWall,BTC-e.com-old
14jUgZst6huyn4gThsbo6RpDgJ96rLtptZ,CryptoWall,BTC-e.com-old
13e71faUx71VoRKxsPtq4YPjLEd3VXwDMe,CryptoWall,BTC-e.com-old
1EjGi5g9QDXte1DDMHoiLWnPcmEUK1mEs3,CryptoWall,BTC-e.com-old
19GB9zKQcj37XuJ5EkFa8QnEt11oQsDrfj,CryptoWall,BTC-e.com-old
17cuypv38R3MaCrN3vckUfHnfyV4YXe2ww,CryptoWall,BTC-e.com-old
1Jz7Aosfm9VJNK6PLMsihhP2A8pBziGTZh,CryptoWall,BTC-e.com-old
1JbrCiwkTndtkeAApHbpopGVNSHMzfSxnb,CryptoWall,BTC-e.com-old
1DzC8omBnkyYTs9vGTEL9CbAzFR1hfdqCr,CryptoWall,BTC-e.com-old
1EKXQ1uRMBfcX7xfv9ND6q7UnfLkPcJvHJ,CryptoWall,BTC-e.com-old
15Gu9agNq4By1aQadvhzZtEAgV7ucWQUft,CryptoWall,BTC-e.com-old
1FKidvaZ7ct2wBgprHoGxMChhYrvtS7aKG,CryptoWall,BTC-e.com-old
1KV5Vs5erFkYNZkeaGg722jiRNL4ma3Dja,CryptoWall,BTC-e.com-old
1MgwdS3XgChgCYU4fCCpwyJLhSB9u13ZnS,CryptoWall,BTC-e.com-old
1BKqBpYqQ947YmZugffX8huTmKepejtG71,CryptoWall,BTC-e.com-old
1DMFLiu1CkYh2Ui53Fq1d2CvjrX2iPcrZG,CryptoWall,BTC-e.com-old
1ETeSrLHhPgQ4BPSmsq9iR4TmgH2M27SbD,CryptoWall,BTC-e.com-old
1FydWZ8fD7kAEEWLhfkjpyBVTEix1cMLex,CryptoWall,BTC-e.com-old
1GHSrPRCyEKFQAYHDDmX18uNtquoRCdEZq,CryptoWall,BTC-e.com-old
18X8CmaCrgUKTSPTtHCa6ycYRLVxHtqGvj,CryptoWall,BTC-e.com-old
1CyxZTMC5qqSDJK1LcNpfC7tapAGJd8N82,CryptoWall,BTC-e.com-old
1B8uvzUvWjvTC6jU6aTYJYukdiofF71kP9,CryptoWall,BTC-e.com-old
1Ms73SXwcbFQcJ5Jf4tduGv6nmjtR3tPc,CryptoWall,BTC-e.com-old
1F4FFy5Hi8d5U4m2NDJ2sSdAB3V85D4DAW,CryptoWall,BTC-e.com-old
15hMCnLXbnAmRNirVcca4eGPaj94HXH8m3,CryptoWall,BTC-e.com-old
14JTUs4SgZB5MsBgT8VNTZbzCZpqd4vJPC,CryptoWall,BTC-e.com-old
1PGTmdkrKuNGKZ4GfHaXG5m2V5X9peu2QE,CryptoWall,BTC-e.com-old
1M2RFjX4TudsQChVrzM5e7cy7KPtza9z7K,CryptoWall,BTC-e.com-old
1LRRGQLnGRGbaQM6raC23d9QuaikVUhEKo,CryptoWall,BTC-e.com-old
1AvyHyuoKxsTXLYX4ZmCCs6zAZDCgqyxtB,CryptoWall,BTC-e.com-old
1EXfh6pHXKNUALjsZGQv625PDNbF4ETuSp,CryptoWall,BTC-e.com-old
1Pkvqg5bGhw8xp2ANttiMKBsejUciMXfbk,CryptoWall,BTC-e.com-old
1BicnQeUgJLtV3qtNLjA1DAYXJ2TmyFqcT,CryptoWall,BTC-e.com-old
1HLvgbjRdLDvAUyCj7SKBfoSY6W2h9V7cD,CryptoWall,BTC-e.com-old
1CJgQ1N9QKczpmZNhYkbBpfiu1BrXmQYQE,CryptoWall,BTC-e.com-old
1EzpTkKRAPn6vivpaY9q37NFNZC3eHMZdQ,CryptoWall,BTC-e.com-old
1KrPwqRx82HK6LHrvjX1F3FMM51Vy29oPK,CryptoWall,BTC-e.com-old
19Afx2H7a32DPJcbmbyTQMsqDt3U2kEYz9,CryptoWall,BTC-e.com-old
169KZqth3aXbU9FZE6YgKpg6yAQPdBK6m9,CryptoWall,BTC-e.com-old
172Gq6Zm5a9nPwN19iJGZYw9GydCD6sLGi,CryptoWall,CoinJoinMess
1HaerJmS8Nj7oEhYbgrBc3KaKteigKGyJr,CryptoWall,BTC-e.com-old
13joWpSpicgkNHKwY2uHsUkc3tHDtUy4Ux,CryptoWall,BTC-e.com-old
1FqVm6RgrQDzjtvYzwTzTypwj3LjocjU5F,CryptoWall,BTC-e.com-old
1PizT5zsVoP2FcQQpqjKgf8n2JSc9wNXqC,CryptoWall,BTC-e.com-old
181TRL1ZmNFkejHHTwrVaaMN7BjXzQfYtg,CryptoWall,BTC-e.com-old
1JLfEB7dNznh8rCC2yiUqdUzGjA91P3BBz,CryptoWall,BTC-e.com-old
16pjxPqJ78sF4TbZvsq3did2DDCZFGHfft,CryptoWall,BTC-e.com-old
1GycUL4AWxy5RwSRhxmHmRTxfktYLAg8RV,CryptoWall,BTC-e.com-old
1LQxrQvqyZLLEHwUrJ7jjpZ2nWizB75Ndy,CryptoWall,BTC-e.com-old
1PBmkV8mXHu3DhxsSjW5rsZJBGMCDxFCYx,CryptoWall,BTC-e.com-old
1FFxA4zVs2NVAuUAjH4C3NPGd1Ga5FNNQG,CryptoWall,BTC-e.com-old
186quih1wTkQra6pn7rz6tjtk6C7fSdY4q,CryptoWall,BTC-e.com-old
173gqYA1fND1cB3cMVVLXGMW2tvV54z89f,CryptoWall,BTC-e.com-old
1wDh1L4dTkZxgcByB5Rp2unXM4ksVcuKC,CryptoWall,BTC-e.com-old
1JqVXdRSgZZX9X1F3r2Ruri6zFSGfPPGt,CryptoWall,BTC-e.com-old
124MQoF3Keo4m7D6fVYBXCAczPeNX23tRf,CryptoWall,BTC-e.com-old
13c8FdqyzNDQUK66cPFn6PCYcnp5TrtEDP,CryptoWall,BTC-e.com-old
12NdRRX6UKv54ubZAnEvWhspCY3X2acQ85,CryptoWall,BTC-e.com-old
1KgziGcF3yfzr7MvyVQbnCJTJsR7KXf1f6,CryptoWall,BTC-e.com-old
1G7jPEKTJ81KoDtF3PPgCpAyoez83HEBMu,CryptoWall,BTC-e.com-old
1NBDv7ReSoAxqNT4QXDPk93x3KkrtyGtTU,CryptoWall,BTC-e.com-old
18S8VzB36jRDTKenZ5BU8u5SsVKWVq78Np,CryptoWall,BTC-e.com-old
14yQTRTSKwbd7B7kBrUzE1i58d5uLz1PpK,CryptoWall,BTC-e.com-old
1GXSsadnFLy1MdKbHw2Xf6Hufr3MAXweGg,CryptoWall,BTC-e.com-old
1E7854i9S8JSzPSGgvhmgzKFpNq6HYA23a,CryptoWall,BTC-e.com-old
1fzocc2YmWY9aegv5KaoH6JpFJM6tuBR7,CryptoWall,BTC-e.com-old
13Y5Pg2FYbwDtTXnFidNJtmZAzEzJ4DFvN,CryptoWall,BTC-e.com-old
17gsMdZkgbF3hfvsvwpFv5PDAHumPWNun5,CryptoWall,BTC-e.com-old
1E3nMmoXw1w79PA8NdVdgTsWGFpQdvhkSV,CryptoWall,BTC-e.com-old
176naxaowUqqPitXk2VFhat9ieb48Traub,CryptoWall,BTC-e.com-old
1CZrN2TC233W6VfUsnBPdckeGHfVa5n3tT,CryptoWall,BTC-e.com-old
1EQki8QpCyvz8GJohHu1VDjxZfViKCW8Bs,CryptoWall,BTC-e.com-old
18DEwCVq9Ld1KhaWYgnXyd7327JZq7ZgeP,CryptoWall,BTC-e.com-old
1N4eCCKx13otFpXadE2gJLzTJprH44Qg14,CryptoWall,BTC-e.com-old
1L26pZ7ziE7f5BYC5GZq2vB4y6S11WUKqc,CryptoWall,BTC-e.com-old
1B9YRS6pgA7Cx3GnS5K5Tw76k86y9JBwoi,CryptoWall,BTC-e.com-old
1FJHbZ1FNd45YzZiWp7kGzhGAtdJPK4cPV,CryptoWall,BTC-e.com-old
1Lmb6PQ5YpLexjTYSv8L58hJ5GnJxeuZnH,CryptoWall,BTC-e.com-old
1LYBwLdt1UMoRWLkYVJcHLA4rRSZ3PtTee,CryptoWall,BTC-e.com-old
1QjV3kZto5sDu4xBMzJ86GNUgtgRkHeEM,CryptoWall,BTC-e.com-old
14bMfGEGn2mtH4tGZNi2eiWCdJtbboXXMC,CryptoWall,BTC-e.com-old
19LRmcGabwhcECcrTwGtLR1pUzrRyLP6Qg,CryptoWall,BTC-e.com-old
13hEVuTM1Dt98dQhQ56TSEbqxaHCXU6ni6,CryptoWall,BTC-e.com-old
13KuNQXHSqUzYXXpohCjTJn8ouxGPdtP3K,CryptoWall,BTC-e.com-old
18FPbzS3a6wP68KfwrYUwy9fUGykvNp6uL,CryptoWall,BTC-e.com-old
17NW7u2WNdfg7MdhX39Y8AwBbYEHg9ESBh,CryptoWall,BTC-e.com-old
14ipAxyokSneC3T9stoRgNkvxCv5ppJiHs,CryptoWall,BTC-e.com-old
1PrrryFgVNByHtzb5cbheqJ7gn5YqGBnXn,CryptoWall,BTC-e.com-old
1KEFFJHkByT4KRX9AUNcsKMkpsshRqPhZQ,CryptoWall,BTC-e.com-old
1NwJTw6665gbqFtN69ipG9FyU5gcnjnEmn,CryptoWall,BTC-e.com-old
1Jw7sTeL7C5xRMDT2bRKoGYv1Q4FnLmZVp,CryptoWall,BTC-e.com-old
1LF97B6xQCqmmgjwj2DkHGp2AufQjXMjCy,CryptoWall,BTC-e.com-old
1GrQeEyhP2jxKGPgeqoLV252x6XShD8G3W,CryptoWall,BTC-e.com-old
1NKD4SKtvLZ7VLLx8HxyophPArYwCtMDUN,CryptoWall,BTC-e.com-old
1Ys3za4NN1q8YzpVPqyAQxa81DwxhNqai,CryptoWall,BTC-e.com-old
1KfCVwSd89HPQnPji4u2gnaJkpCRpfFabE,CryptoWall,BTC-e.com-old
1ELqFxTqY31NPbvqwQ7XUp8xn681okCFKD,CryptoWall,BTC-e.com-old
1DiTmc19L4DYS4SBCBTBAqAzRwifrqca9J,CryptoWall,BTC-e.com-old
1DNpyokystrRNBe75rK2Gf8FZDhxDuB32x,CryptoWall,BTC-e.com-old
1DHMzKVSLMPYNRrUwDgfDoUSYQyELC8dGQ,CryptoWall,BTC-e.com-old
1PJLC2D5iFE2NbUW9Ewd29zzJDVe2aHjT8,CryptoWall,BTC-e.com-old
1D6DTTo4NEa6vyr7dRTpWjvCWaKrowUu4P,CryptoWall,BTC-e.com-old
1BnMxjr4JGTpJ3UCAQ2ozp2C52vuLNrMgy,CryptoWall,BTC-e.com-old
1NWqRQV2bFbKUNosTvmhrDbPhYcXMucbtn,CryptoWall,BTC-e.com-old
18HKy3TW8jG9g2sdnpFxWMQcfHsuuM2Bvu,CryptoWall,BTC-e.com-old
1GFWhgjayHCkCgQqPsaV1HEgk7GP3sjCUh,CryptoWall,BTC-e.com-old
1HcC47LTXcYsrZ1KoLoG5fCBNqiLyaBF9T,CryptoWall,BTC-e.com-old
1E7svcB3FAGbHLdVAv6trjKRgHrbDu16FJ,CryptoWall,BTC-e.com-old
15nicLpgJRNVPUBprtP5EA5Nz3M8PArLaF,CryptoWall,BTC-e.com-old
13oC79vScLX5i7fKh1yuHZeU8RwkegP4ju,CryptoWall,BTC-e.com-old
1HJ17bYwwtqmVe8HpE4PPHDhtYUjukDE3y,CryptoWall,BTC-e.com-old
14u6B4casnaJyR6Ddfq3TwNWTKwoNJxLH5,CryptoWall,BTC-e.com-old
1GUSckDugQoof38tjyELaUu3JgMTGVq9w4,CryptoWall,BTC-e.com-old
1BbjGjQiSMENmzjtzB1y1qodZ8h1MGiBJH,CryptoWall,BTC-e.com-old
1PwdtKH2uPTpLv56hFhw9Pj893txYKKmEg,CryptoWall,BTC-e.com-old
1ZWA1QKzye45KzjTLRzfrMYCMLN2Q3D4Y,CryptoWall,BTC-e.com-old
1MiqbpXq8oCqzeEDqEcN2gPzyJ5v6ubn6u,CryptoWall,BTC-e.com-old
1Eo9GkNnPmyk5GmqmSUgacDr6wBciY3Vqp,CryptoWall,BTC-e.com-old
14zyChbDGkGpkdgsu4Kji8U9NRERuvqSd6,CryptoWall,BTC-e.com-old
1GA7G5TK9iuzXcqh5WkNL5J4S3Z9jmd8pC,CryptoWall,BTC-e.com-old
1K5qTKV2Dd63yV73uDJUzi7YvFW3g5NSQB,CryptoWall,BTC-e.com-old
1Bg2kPBBeJcS5KicEaRNB22AUSxHNyMDfG,CryptoWall,BTC-e.com-old
1Np2N85e7k4vPq86M5B4QvMkNDJaENhwxa,CryptoWall,BTC-e.com-old
1AxGYieT4aMw54TMtsMWK4NBC87fXSv2Px,CryptoWall,BTC-e.com-old
142ZuguLZve49zxtSgUYVxe8WDYBLZ42Z5,CryptoWall,BTC-e.com-old
1AYG7ao49BjKtUapgj8cKpK9rQ9SkNNwNT,CryptoWall,BTC-e.com-old
19KgzawR4h8RqetEPMKVZSBJB6vCCzXc7R,CryptoWall,BTC-e.com-old
16uzAro4nKDDQaDweN4q12qkgzi8LsAMpf,CryptoWall,BTC-e.com-old
1A13UzVLP328hNFR22RJiL2KmKTRQgo8UZ,CryptoWall,BTC-e.com-old
1GKBozXS2nq658XGHYMw6QGHKEGCDhnn4P,CryptoWall,BTC-e.com-old
1E17K7HJRAWBGJ8644jBt5u7o5yXTqREDF,CryptoWall,BTC-e.com-old
19meKc4N2uVQujexzfKG6hSjUFCwtdQf3N,CryptoWall,BTC-e.com-old
17JVES8Sge3e7o8kzgWzDLgUGzB3NHq9c2,CryptoWall,BTC-e.com-old
15a4vCWfQJgCXWKxeNq5aEfwCDToRNiEpv,CryptoWall,BTC-e.com-old
1A7kdFa72YckSrc8bBDvzhUSPuQEHLYXBT,CryptoWall,BTC-e.com-old
1GKQr6ouL7ZMMwEqeuxjV2EDf16FdnrH1h,CryptoWall,BTC-e.com-old
12WVMRc4QAoNUaotcNxxA83qrm2UgubnYC,CryptoWall,BTC-e.com-old
1JSukDAhXRJpJhsAog7s7wpKbSYEnzw2C,CryptoWall,BTC-e.com-old
1G39J1sN6BuCkMRDydduuSKBgyAsysqfog,CryptoWall,BTC-e.com-old
13sVHYDsC2MmNNg49fbJMDuKYHiuQg4b1W,CryptoWall,BTC-e.com-old
1HMEpySZwsqrEG5AYd8MhyytwdCKmhYh2F,CryptoWall,BTC-e.com-old
15MhER5y2RVkcW6wrdY6Wqe1sCrp8jz6K5,CryptoWall,BTC-e.com-old
15wg5sUm5ekuEL1KwL6omhEurrXVt4rKnG,CryptoWall,BTC-e.com-old
1GewynWx2MMzAqPAzA2Usof1j8QjkAVqoZ,CryptoWall,BTC-e.com-old
1HrRktBEjCBawUF9WmGWZkiu5UZUeMcKJq,CryptoWall,BTC-e.com-old
1H65dZbpMkZCXTSaFxJqfmLgnoi8Kcj7r3,CryptoWall,BTC-e.com-old
1AXttHHUbAk3KPbYLTM3xufqQ2yrpLkqFm,CryptoWall,BTC-e.com-old
1C5d9dFg4NEZvniDPu8et2nYfi9gbVJnjz,CryptoWall,BTC-e.com-old
13cN8Zn6o6fqKgh1my4wDP8Bf9TH4qiGy9,CryptoWall,BTC-e.com-old
1BmFxvrqL77Q6F8EjFTHw5iQrNHuQdEidm,CryptoWall,BTC-e.com-old
1KKgbNYeSDL6jUaSA2uUJNKr6u97R7zgh6,CryptoWall,BTC-e.com-old
1GxoHG82atVm8ot2ypqna1hqbYVNFjhKip,CryptoWall,BTC-e.com-old
12vFzuqLbkd7UJ15fY9UWYsoghtABzmGiC,CryptoWall,BTC-e.com-old
1BaByk4R2uULxYF7mvQG6sguqdQFoWmmui,CryptoWall,BTC-e.com-old
12BB1AFdDcV1bAxFqjKGbdUZfuHv4yFjS5,CryptoWall,BTC-e.com-old
1EwxVQhh4TgqHU3snTmwQKQfMjLVBYEjBq,CryptoWall,BTC-e.com-old
1EMy7DRhyozM4kt6F89gzbfqf4bBM7f3oa,CryptoWall,BTC-e.com-old
183W8pW9G7j2qXFeoP84gN2uHKp51utNG9,CryptoWall,BTC-e.com-old
1Nvz1yfs2bPdFTnw11GDaWyu67B3r4cbos,CryptoWall,CoinJoinMess
1HNeHtRKuK73ZYZqTZHjNmbBvRjvXwnqTN,CryptoWall,BTC-e.com-old
1NCGBcwbyLWzTf7sT9bnEzwPoVT1UGKsku,CryptoWall,BTC-e.com-old
165ch6fKMZuMD1sJ5iHAFfMPptuZgz4zSC,CryptoWall,BTC-e.com-old
1DTfC7CLx5kJvdemjoAwsGETmCkyzHgfpr,CryptoWall,BTC-e.com-old
1D8ueJi37zsYRgPpXcBhoeH3fYd9duTGZU,CryptoWall,BTC-e.com-old
1QF7wH96VSK6zvFeZD79Q1CsR486nbBAey,CryptoWall,BTC-e.com-old
1FVFcDYMW69KL5tCL6UHV8jxWbwQemUPXf,CryptoWall,BTC-e.com-old
16vLpkkVHcAriAniecRtAw9a62SobC6Ets,CryptoWall,BTC-e.com-old
1GUYqSbaHSsVSCXLGhFHv5f76H1s9znhJd,CryptoWall,BTC-e.com-old
14mgsNLXYgyjv1rBwwfeuJtaG54Je4xyG1,CryptoWall,BTC-e.com-old
19tZRyPS9QoVmgbPv3jvUk5nxAY4R7JJ7J,CryptoWall,BTC-e.com-old
1BG7gKUpRYqNQCPoYQJiiugYspQRffpYU8,CryptoWall,BTC-e.com-old
13anTMo3YLB3SbBWWroNnb2aotvurtaVgZ,CryptoWall,BTC-e.com-old
18NvURoZrqunTPH4UTeSF7cTvCM8pcUV6U,CryptoWall,BTC-e.com-old
1CHeKkmY3C4sHrz3Zi5mtzuNetvHR2HbKS,CryptoWall,BTC-e.com-old
16rkJNuWU18yzbv22sxwDPpUUVFU5tuXqE,CryptoWall,BTC-e.com-old
1Cyitbt3Ppt4CRALWUJ13GVHG1JWA1CT3d,CryptoWall,BTC-e.com-old
14PdwBhVd9KCM9YfysMZTLoHiLL5vsfCx8,CryptoWall,BTC-e.com-old
19BPgS1zDiEV61DfKMwebCGsMui9qxwjKM,CryptoWall,BTC-e.com-old
18FeCqR44XYQHzpKoZAPWZt4HpjQ18Mpoh,CryptoWall,BTC-e.com-old
1LWnUCroUGEHrAKf6jBRJbVLKd5tuEWXY3,CryptoWall,BTC-e.com-old
1PUx75gVZ4rZEdHJ81LC4J7dj55jLyUJ5V,CryptoWall,BTC-e.com-old
19DckNWHvjZBSDuuitz9bGkSXQen22FmXG,CryptoWall,BTC-e.com-old
1NCjTWpa8SAyfZEzAK4c9AVuzQye8yyj7u,CryptoWall,BTC-e.com-old
1832iAE5ewbe1oaHCZyoQVHsTT8bRLoCGa,CryptoWall,BTC-e.com-old
15pRBmtRBQHGegeVnniNLasumPML7q75Li,CryptoWall,BTC-e.com-old
1AXLURHNQ8iVR4MPZJ935rbGPjG3FgK2tb,CryptoWall,BTC-e.com-old
16dN3XhaTejyZFy4hWompK2x8de2T46wA8,CryptoWall,BTC-e.com-old
154oTbsYumN2bL8uJFhQRo5iBWJDUrwf8e,CryptoWall,BTC-e.com-old
1C3iiMt5vn6YbC31ii4jPMx91uiw4HrGS9,CryptoWall,BTC-e.com-old
1JkJDUYvS7oQiFeLy1ALefVjvAHiQu3yUL,CryptoWall,BTC-e.com-old
1Mu5JJgmG62CjL7EmGszACbrTfdrWTX47s,CryptoWall,BTC-e.com-old
1YonQzgGEJiDjJGHh4nymZeM8SMHLg29g,CryptoWall,BTC-e.com-old
1AT8XTcMn23iuTYR5qYTTuMCViyWonCdiL,CryptoWall,BTC-e.com-old
164B5eMbN3aNdpaBKguxuD8RQXtCT25bJ2,CryptoWall,BTC-e.com-old
15LNdZ3zrxrFA4Jw4Q51vfjHzmb4XuUoqw,CryptoWall,BTC-e.com-old
15uJ7PGQ7Un9wLA2Pmob9GtzH1sHg8Ef3N,CryptoWall,BTC-e.com-old
1E9KHrgEsbxZkyLCBx75q4ZoHX5pRyrdzM,CryptoWall,BTC-e.com-old
1Gdv6WHC2dyAwrku4dV4FyheW83w2GP2Md,CryptoWall,BTC-e.com-old
12W8XpUc2a6GEZcrp5oKepJii3pwozHrab,CryptoWall,BTC-e.com-old
1GqVCfhuEgfLQHvYYwvXkCthcH29u6Z6Ge,CryptoWall,BTC-e.com-old
17W3YmLJKvEsQjrfvTju4zvCTbfjSziVoY,CryptoWall,BTC-e.com-old
1CLok897u672ecof8pReUxx45rzgwc5gym,CryptoWall,BTC-e.com-old
1EyDM1pFCddoqaJVD9knvUfjwn2XyRMogR,CryptoWall,BTC-e.com-old
1A1xtdfggFvMcTZnX3o4A581yt5TRszCU2,CryptoWall,BTC-e.com-old
15j4pYNmQX3L46xjH72omxvbMqfwDwwdnU,CryptoWall,BTC-e.com-old
1HFzk7iKnNj7f283zTV7Qg5Fv5wq4npnof,CryptoWall,BTC-e.com-old
1Fyg1svhbHsUX5RNASPjPAuKpoyBJeRanx,CryptoWall,BTC-e.com-old
1JCkaizWQCsQUB1a5aKgL7Ws3e912YxUZV,CryptoWall,BTC-e.com-old
14aJwqb8EPyymtHeMBK5Jtiv5384iKjhhP,CryptoWall,CoinJoinMess
18wekdvxWzW2g3323ttr3yRA61HJDnPaEs,CryptoWall,BTC-e.com-old
13A2JgUYZjQ3hBjARAAbWuV5a8MLgww1bS,CryptoWall,BTC-e.com-old
1AnkG94o6M1at1HPtoNtRUYz8yJKPfVY7D,CryptoWall,BTC-e.com-old
19neEPZJ5QFNYQMcQSfBch4MiunkLz51dn,CryptoWall,BTC-e.com-old
17xW1To7e73eEQGJTnc8tsTKGLqCfYoxgj,CryptoWall,BTC-e.com-old
1KhEGeejoPGr1U5gJhmjgp9Q8omk3vXsgC,CryptoWall,BTC-e.com-old
16Z2MNkaNqwbQSaedDKAXr5jNkdKEB8CDS,CryptoWall,BTC-e.com-old
14HB8hPMMS9TLoRw2uUHG9Fa1zNUiTuSa8,CryptoWall,BTC-e.com-old
1Ams5ron9vwYki3sVb2UJBKE4Lrr5ytysP,CryptoWall,BTC-e.com-old
19V4JEhvnSaadow9JBHLN7fVKEunDkES4c,CryptoWall,BTC-e.com-old
1EADeYQNofYMKC8KgB66GbHagdgvEGamd1,CryptoWall,BTC-e.com-old
1CuxT5XugwWFQYA3vQzXYrJauYH3dvJuhZ,CryptoWall,BTC-e.com-old
1FufAPJgs53eH3qaBFz6y2b2TA7HFAQAoV,CryptoWall,BTC-e.com-old
1B9hsRQFS1otT45Kfy6huerXJtonHHL9DK,CryptoWall,BTC-e.com-old
1AA2ioTUs48TLYfpGoMiT5mPkhf3qdz7iw,CryptoWall,BTC-e.com-old
1Gp3nyE1WVxzX4vho1ap48Y8owhyAxVio2,CryptoWall,BTC-e.com-old
1HeDPSfXDTt5DsCCs17RNiX3sXam58uLDN,CryptoWall,BTC-e.com-old
1HTjre8BDuzWW71A1inLuabaudVr9BbkyZ,CryptoWall,BTC-e.com-old
1PyMPbABw8yN4fPQLDKtrLGK7tvE7ANUmb,CryptoWall,BTC-e.com-old
1GbatSDBedzd6emsnJp6U6qTQJTMVFf9N7,CryptoWall,BTC-e.com-old
1NW5z9DbSxYif1BsvMZxVDc1G2J92xCWdj,CryptoWall,BTC-e.com-old
1YDgkKBVtrDhBRvucMwTGJ2LFpF3GBYKX,CryptoWall,BTC-e.com-old
1KVs1vSK6NrbS6qo7cDp6MyF3b9GJmbRwy,CryptoWall,BTC-e.com-old
17iBXLyYJNaHYwDa8FtvBWANhWiZuhiFvK,CryptoWall,BTC-e.com-old
1AW7wsr9iv55hdeeE8PKdD1ia9JviCHAHc,CryptoWall,BTC-e.com-old
1AVWSftSCcvMwtPNySaVpS9RryAEYHNbzA,CryptoWall,BTC-e.com-old
18YsdwKEhh5cAUYNSiNdBUSNytCpKFnPuB,CryptoWall,BTC-e.com-old
12StgAnRhoyEZEH5HnfUqUVMro7Lfq3bdE,CryptoWall,BTC-e.com-old
115qagP17Sd6EPapsyszneKf6i4Kkax1gR,CryptoWall,BTC-e.com-old
1DtvuLeHv9pufGMvX1st5Rw82U4z3yZg3J,CryptoWall,BTC-e.com-old
16BuuTvZEhgAyx8xeGpSdcp8CE7NNDDZ5P,CryptoWall,BTC-e.com-old
1NoUT75z1wLq4cK9eWtcZ9EtnM9xcjTDL2,CryptoWall,BTC-e.com-old
1FnhmnoDJabCQqewihkZdwdVx6E1SFK4kk,CryptoWall,BTC-e.com-old
1EefqecPLGVSMk1iqPyC5C3f7Bkt1j2tUu,CryptoWall,BTC-e.com-old
19Q28w5i66GR26U73QR8rDnwXjrbBeJhhd,CryptoWall,BTC-e.com-old
1FY9oNqZikXRBGNWRCagJY3GjJZSTn32G9,CryptoWall,BTC-e.com-old
1MCymsUjJecMipBkKcpqKsZHdJCLBSyBcC,CryptoWall,BTC-e.com-old
1DwTzQkkJnEJMs6Xi3GsSqJ2844efuckuj,CryptoWall,BTC-e.com-old
18aNJY3UnkaTXJ3N9GgxK4vX8RrcushEUf,CryptoWall,BTC-e.com-old
17oTg3DMPJcBA4UcFnJuJ73DsQEESqhSAj,CryptoWall,BTC-e.com-old
1Ei62EvhQa4LHHq3TuKgcMgzWj4kmUcmgV,CryptoWall,BTC-e.com-old
17YRMcnRokw3QBqfcrtkk2EC9Ft6TodQfx,CryptoWall,BTC-e.com-old
18FhsHUYvXbGETLzbfoMQoUAYcPdYsETK6,CryptoWall,BTC-e.com-old
1Kqbj9Dejr6SnqER8hcWhkscWpJ3Fynsp2,CryptoWall,BTC-e.com-old
1Ga5LFMYz983igRWSNbLcBQ9EWg4uPTaCz,CryptoWall,BTC-e.com-old
19hpho5puEnUWLz4ZgzP4DRTjtp8rwiKZY,CryptoWall,BTC-e.com-old
1Q1DcEdmxr4igUR8fPfj4LxnjWebdAyk2G,CryptoWall,BTC-e.com-old
17hfKgUAPC4qHEdgX5n8v5AzgeAtRas2AP,CryptoWall,BTC-e.com-old
1CoZX2ECTYV8ucGwtRjPYu5nQnK8136kjE,CryptoWall,BTC-e.com-old
18ZAMQUV5hu7Ci2WbJQmvzf8oyUpczH2qr,CryptoWall,BTC-e.com-old
1KA95Gp6wnmUVkwbpcoEX6Bdyp3HANmhpu,CryptoWall,BTC-e.com-old
1NCgaNrP6hnnLruqqiYwDHCFJSKuzvHJhM,CryptoWall,BTC-e.com-old
17k7S7NPc5xVPGm2SCmTb9g7QSpdTF1tWN,CryptoWall,BTC-e.com-old
1ASDHeTMgubqARA1FVbeKhVnQDdSYmck7s,CryptoWall,BTC-e.com-old
14WrYpn1WdfjxptjCpx72nP22oGbdKmWwT,CryptoWall,BTC-e.com-old
14JWaZYj4CABBBkKbKvBPGPbw8rMT4GqaX,CryptoWall,BTC-e.com-old
1496Zg95Y9SrJbUppnZPUac7unDEhzdM4F,CryptoWall,BTC-e.com-old
18czmxfaWti5LLHoNFrebHtqR11URAvZfC,CryptoWall,BTC-e.com-old
1Em4ZbqenwtUmD1o3nhXvLU9Ky7skZx5M8,CryptoWall,BTC-e.com-old
1Fr2Ws7pgz8ea6J5UkMEgXcU6YbjciMSc8,CryptoWall,BTC-e.com-old
1L6cZY8yvi7KezQ4yDhWbUzJ6rhHqeieAA,CryptoWall,BTC-e.com-old
1NiTn3QHXBoZS93PdyX6nApa3PACUBoYHW,CryptoWall,BTC-e.com-old
1Jonwn6yr3eWiPs6xVw1TvMdq4YHCWAepd,CryptoWall,BTC-e.com-old
1EXq2ucmwovxFbba7ggwY28EBAcejLWS3f,CryptoWall,BTC-e.com-old
1Aa8UTnbkpCq3ym54kDgi14MUvnM1AQCQU,CryptoWall,BTC-e.com-old
16cgeRw737yjBeJ2o9ZbpDyoXVphfvsvwn,CryptoWall,BTC-e.com-old
1MBHZGYQoHd4QVwqpLGzAAeX8im6Fy6ety,CryptoWall,BTC-e.com-old
1LUw9q8oXhvMmquTPJ1mBX24YvkePa922p,CryptoWall,BTC-e.com-old
1GV9Yp3zVGCkF7kMH6h7LHkfT966YdZwpU,CryptoWall,BTC-e.com-old
1Kz3cKnjgyVqYkf1s7dtff3978raTU13Pv,CryptoWall,BTC-e.com-old
19z1xBRtaRmLUgVr63LzrkzqHmEyXbNMBn,CryptoWall,BTC-e.com-old
1AP1zkByYJULMRogTARim67LdFuAgBCpx2,CryptoWall,BTC-e.com-old
13bGTRgcSeTNVburk5ZMwmSdrVy46GqNtf,CryptoWall,BTC-e.com-old
1Ermnqda8NwgsZKWkuRRELWG5YvwqsxRHH,CryptoWall,BTC-e.com-old
1Lqjz5JYe5LNVqm3senny31hxB626hPnfx,CryptoWall,BTC-e.com-old
1DJPVnfaEHajUf6F42EwmGnVRNjUdp4D3L,CryptoWall,BTC-e.com-old
1PiUsStps1Y2S1uoE8ybSCZ5Nn8mCUtsu,CryptoWall,BTC-e.com-old
1KZ8bLnSjQA7SwnsKCpCgB27GU4DrsoMLQ,CryptoWall,BTC-e.com-old
1FrKZC4EQLYxLMiJcTNCZP4gGWTMVCr6ah,CryptoWall,BTC-e.com-old
1PYp7RjWYUhEw3frCSuMvJhtMaYbexkvY,CryptoWall,BTC-e.com-old
1gZyJTQeab3Eo7jT6L2pFqgrv8FfWyC6R,CryptoWall,BTC-e.com-old
171vjx6pV6X355crM7vnFNuJLNjZZwTWUQ,CryptoWall,BTC-e.com-old
1NCtwpXswpJWig9VH1DpQMvyCGoBLcWQ6f,CryptoWall,BTC-e.com-old
122YcyXExdCbRx7Kdj6GD5ccCmoGgxB3q7,CryptoWall,BTC-e.com-old
1CFEynCskJJhGioRyHdmPbzaCfAc9psVnC,CryptoWall,BTC-e.com-old
13WDbEVdKyMxSinoKzToTiQdmk4tn951mb,CryptoWall,BTC-e.com-old
13j7XC9RbVk5y4aDosvda8QPMmQZZxPDoM,CryptoWall,BTC-e.com-old
134JtCURnT1tG2nUC2vaxMW49xmLsK8M6z,CryptoWall,BTC-e.com-old
17HLmD6LvBgtQDVKMUDTfRVFXCwix4nWr9,CryptoWall,BTC-e.com-old
1Cc1AttnWEnsfqrCBY9KY8wPXkb2eLCNz8,CryptoWall,BTC-e.com-old
1D4UFQ3Dwkec877ZS6fDUFDwKZSPwG9B35,CryptoWall,BTC-e.com-old
1D57jKpzYYMcLouhRc25JVf9Vz5ihaZuhe,CryptoWall,BTC-e.com-old
1PkkrNuSxBQc9XMyuRcz2E4kw4FX4JEjoQ,CryptoWall,BTC-e.com-old
14DjUgqishbXke1LkjJdoHrAERUoz7R8Ju,CryptoWall,BTC-e.com-old
1DyoEt7vP57LxbSkEHP8uYqJC3tJCjxPCn,CryptoWall,BTC-e.com-old
1EgGU3zVj1ao8qVgMyGKiUKhTTFhNa4sFG,CryptoWall,BTC-e.com-old
1C96cZdp241piaRyx4vg8EhWn2XkTqLj5H,CryptoWall,BTC-e.com-old
1HVWimNSUjbXFraWWovVTPHaMJcxWEPazL,CryptoWall,BTC-e.com-old
16u1sL2rPkEchNYuGMgLQ51o8P4S4M5LDL,CryptoWall,BTC-e.com-old
1Ap5cDavkTAZArjHZbEfuApsBpLaRd41Dy,CryptoWall,BTC-e.com-old
1D7rH9jCHPtYL3Dnh9mZYbiEMrseioCCGE,CryptoWall,BTC-e.com-old
11Dvz6Wh7RcmU6ffqdhQLoe6xvQmvwKAC,CryptoWall,BTC-e.com-old
12ACRRPcXNYVvdp4CYA41uFzAchWaP8YdV,CryptoWall,BTC-e.com-old
17AGazRCLStNguMDCxDoj7ZQHvaZBWTJZj,CryptoWall,BTC-e.com-old
15tksbUvGBFt6cQ6VMA8bexmGKqEidWwTj,CryptoWall,BTC-e.com-old
15PbSGNsCzn6QxA2LyYcHzZduvvLxNned4,CryptoWall,BTC-e.com-old
1HrMWbKdrg7mLiAa7vCE2sRVaE3cDFBUSN,CryptoWall,BTC-e.com-old
13w2nPQKdLXMcsCVZthChTQDoUhiNRFdyL,CryptoWall,BTC-e.com-old
1L6KUAATUMBqRpzRYuP1iMXy7tWnzswf7S,CryptoWall,BTC-e.com-old
1Aa8oDwZkvvm7NyUnbXeKGP4DLUtQEAqdf,CryptoWall,BTC-e.com-old
12hNv3YVSzYAo1vgjMWoCZRcH75hj8JJMt,CryptoWall,BTC-e.com-old
1M5uVurG4wxyxw92xVLyAnmcUby8b51pN9,CryptoWall,BTC-e.com-old
1PyPgCdve9JyFwdwE4qeLNU2uESUAxVy12,CryptoWall,BTC-e.com-old
1MEZHGGWWXt7Zf9EvczxtCBRkMyK3SH2BR,CryptoWall,BTC-e.com-old
1FBX1tPNH2pjZwZJi5umbhmCZvntvb8bG9,CryptoWall,BTC-e.com-old
124rzu5Qkr1B6sDPRJihoHCgfYxcp8CkCE,CryptoWall,BTC-e.com-old
1Lh2AVt89Kb3YWjjTQ3SN7CQmcWGGDwymC,CryptoWall,BTC-e.com-old
138krB4DR4trcsqVdNz2MbphvxLwFH8vwf,CryptoWall,BTC-e.com-old
13ovzf19fLWJph2Tsx8NgzELyuc1mPCa77,CryptoWall,BTC-e.com-old
18SgqnMM7WvCt71XrsJQXi4hWiZxo9ddY6,CryptoWall,BTC-e.com-old
15zrfF4k9FqbcAuFcMTBiGoPzF9wMEpqmA,CryptoWall,BTC-e.com-old
1JeNuTSqLFXP8qCLEWB42c3rRWM2FiCTvq,CryptoWall,BTC-e.com-old
1Cnm7KPrV641b5YUf6P5j1dj1Vq8hW41D7,CryptoWall,BTC-e.com-old
19EqrbWUJNzA1wLpdJ5pfK4SBCWPMFKKsL,CryptoWall,BTC-e.com-old
15Q5DrfJuFFwwwzMT1YDdFyS9wTZEZY1DA,CryptoWall,BTC-e.com-old
13EW5RJqCK8HTNefvWcaDxiUUW3DY8JX2E,CryptoWall,BTC-e.com-old
1QFZuEVqeWme7LqiWRsHcUoACciuEPiGHL,CryptoWall,BTC-e.com-old
1Er8UtELEUgQC21wwZHsDNxhURJB1ZCtuv,CryptoWall,BTC-e.com-old
15kFvJi3sm3ih4HmtKCuTFMt84HaXomW57,CryptoWall,BTC-e.com-old
1AUVFeE1g3CxAjosdJ5XbXVpPLWpL6ok3N,CryptoWall,BTC-e.com-old
17crSh7ESrHwGeYEuP9cNDBLK4Aia9xc7c,CryptoWall,BTC-e.com-old
1BvN67RBLTkHHZCjXvPWPJ2fMWRtzgN6HV,CryptoWall,BTC-e.com-old
14iKK6itAiJsf7pyLB6M1eNfGP4gJLgJpz,CryptoWall,BTC-e.com-old
1Badqf5zopadpS5p4QQx1NWWhyjoiTrAem,CryptoWall,BTC-e.com-old
1AjXvNMUvnY83BBBQ8BAUKoUT1miSj4En9,CryptoWall,BTC-e.com-old
1DkGugnhiN3mtTxHzw4jJ9JzQoArJFSFbz,CryptoWall,BTC-e.com-old
1HBX5tFqKFU5MUZKaHbXkUWfca5cWPTm7F,CryptoWall,CoinJoinMess
1EgzEPAZb5et6W1hf5Vpahn8DMitrPPErq,CryptoWall,BTC-e.com-old
1MtLZ2aUqHpdqkLL22LRgmjdkAWBxsqKVm,CryptoWall,BTC-e.com-old
1N1ypwrhGS6xxcGRCjCtHHmAYUze4Xeyiw,CryptoWall,BTC-e.com-old
1Pja2VWR2hzfeR1Z3hK8rpMDmT5d4zPHcV,CryptoWall,BTC-e.com-old
1AYmo8QKz7qRzTuPr7tTXnU8jjyq4ApPqA,CryptoWall,BTC-e.com-old
1GfzxBnZJJriWReZGZFC82mRpuYgfmLii7,CryptoWall,BTC-e.com-old
17f9R5CDKXSzjvWMje9GhtZfTQaWojAdas,CryptoWall,BTC-e.com-old
1JxyGbL6udvNF2be9sGZDeSMLbiTd9Hgww,CryptoWall,BTC-e.com-old
19mP3VSXhYrJLdgpPu4pyhuQiVpB4x4nLu,CryptoWall,BTC-e.com-old
1BG9mtvCWYdeKuhiejFRyqK6rvNFVmnnyY,CryptoWall,BTC-e.com-old
1Px1yRQ2VRH2VgkAm3KZ5iv6J2bijwTdND,CryptoWall,BTC-e.com-old
1M7Jao2p2yd8kUinpt9wkEY1FJ4FkoaM1D,CryptoWall,BTC-e.com-old
18KLBkQjVjNbNfhNtXuNUBGsbe7bGFgGbp,CryptoWall,BTC-e.com-old
1DGjVAiwBiceeXisBDmCytUywVCr1r8rXe,CryptoWall,BTC-e.com-old
17T2myiULyoje2nTjo31pLnkghjPtuet5n,CryptoWall,BTC-e.com-old
1H9e7xyBZZhN1M94wC93afcTufxMTZQyZ,CryptoWall,BTC-e.com-old
1A8tjo5oMLgJXgWUwLE6gCzxXZdiaK7cNB,CryptoWall,BTC-e.com-old
1158B69j7DNvgeTYvGUdJfEdNwqikumtZ9,CryptoWall,BTC-e.com-old
16F8gUg7sYNyN3mNJ2TAFr9rqdpnQwFZph,CryptoWall,BTC-e.com-old
197znYDkz4F8fcKceM9t65ymNkyxwEgsy5,CryptoWall,BTC-e.com-old
13oJJkLsgWWbqdFHNEBvVQouKjnZEXELz7,CryptoWall,BTC-e.com-old
1D2trqAwXJjfZwVL2BhYmyaGW6Z67wN3wc,CryptoWall,BTC-e.com-old
17AV949LXurUonMCZ1JRbx92bnvfQVVqmE,CryptoWall,BTC-e.com-old
1CvMJiUaMMMTgTaZRv76bbHWvLiRuJMmBr,CryptoWall,BTC-e.com-old
1HS587TGB6UjVBLUo4qyBKw7Eishr4krWd,CryptoWall,BTC-e.com-old
1EyeTkE1HyDJ8DuDpGHfa7J7s9oA2CDkLU,CryptoWall,BTC-e.com-old
1GpBuJH2HiyBEU8YhYnHGbjpxqyqR53izF,CryptoWall,BTC-e.com-old
1EDHnPpqQ1CmyMMzUHxDVNiKVxCJQnn6EU,CryptoWall,BTC-e.com-old
1NUdZxKDDfRgtrc99PjorvLbnnHFG9f68N,CryptoWall,BTC-e.com-old
1NLD2bnR7m5d5AwqcTtfjDfwtdatB7qWAY,CryptoWall,BTC-e.com-old
1NbKJx4nPWQBLS59VzsZx1ndVBsYnqwFXM,CryptoWall,BTC-e.com-old
12M5y2Tx62NP8Ctz45yxUJBoYRkP1TM2u5,CryptoWall,BTC-e.com-old
13cM2cBpoyeHJ6WmaBQSgcNjrryVXroLJU,CryptoWall,BTC-e.com-old
1KHPS3t6wyYaVbK2whxqW8iqAh8QKs4mdp,CryptoWall,BTC-e.com-old
1CCBvhoTuLwqYTbkNdntGESwmu7n8PDEd6,CryptoWall,BTC-e.com-old
1MrnUJGpekFzPVT229qbMn7XqWJjgCD4pJ,CryptoWall,BTC-e.com-old
1o9Bx4sQk5yXXqcrCJ5jur9ELU3wVJV7C,CryptoWall,BTC-e.com-old
1EbuoamAqrNYWn6X92WxrEzJ3SPSGPdCho,CryptoWall,BTC-e.com-old
1EyZvKnfpZqq7ZAnBzFFpiNpUG83e2sDLV,CryptoWall,BTC-e.com-old
1LyvpXxhryFkbDsyUHBpWAwxYdyDGYs5rz,CryptoWall,BTC-e.com-old
1BTgfdActwMBjkWWMT5JyWfbaXF8TcYVK3,CryptoWall,BTC-e.com-old
1CoTPkSYaQFn9hwgQB3CJpvf7FSesGC9fi,CryptoWall,BTC-e.com-old
1CH7YNLqzBBTtUhYKW8Df1zmYnGUupYc2y,CryptoWall,BTC-e.com-old
13CuEmZdp8nWbm8KGmYhj3boRcVs8azi4b,CryptoWall,BTC-e.com-old
13tmta5nPk2SdnrHCbquWjUyiq1XN9PDVQ,CryptoWall,BTC-e.com-old
1LW91x5VccD7KYEfKf2TVyewpPhwZgm8E8,CryptoWall,BTC-e.com-old
1GM7KcsgbNNgikod27R4xbYj6HTTFRG7e4,CryptoWall,BTC-e.com-old
1Bzu5aCYRu8dxwKkyNpWRt9xSpYu6nXHxA,CryptoWall,BTC-e.com-old
18oP6xhEWSMxXZd8VD7PCeAeJFRjhNw1Za,CryptoWall,BTC-e.com-old
1JNNfiLViAxrWqPGUJ3z3Hv6mpBcK8tH1H,CryptoWall,BTC-e.com-old
1KGcW1EVM2tgNnPD5jn9KQu45v5ErsVKZL,CryptoWall,BTC-e.com-old
15wFUft4XqKvN2daKaKQv1UfnN86iwfrwS,CryptoWall,BTC-e.com-old
1DXBbJdNyLeqzzZMk87VnEREqgYELY1sbp,CryptoWall,BTC-e.com-old
1H6vkz8QMFFPPmHPxDs4nZ52S6UNjDEQyh,CryptoWall,BTC-e.com-old
1g4ouZwnmvXNw9tCwztjs9YjB1CvUgV9k,CryptoWall,BTC-e.com-old
1G3R9bVPEY7ydMZNurPf5ERfJQALWiZ6XW,CryptoWall,BTC-e.com-old
1LCVv3XuSYEdqYMaYjq8HDErhSSB19eNQK,CryptoWall,BTC-e.com-old
1LuTzN2NXfCMsR3xF2YJpvh3gfAawGPuJT,CryptoWall,BTC-e.com-old
1EZNmt9f3U4LE6W7Ujb7b9pD8pB5hpDhjf,CryptoWall,BTC-e.com-old
1FKNYpi1tokPhYvV2teeLdzSFvzS8dUJZ7,CryptoWall,BTC-e.com-old
1BVZdXPa4bMcaEytkgQrydkNfSEyEkb5BA,CryptoWall,BTC-e.com-old
19bMni7JpygCzzjkLsDGrFb4HuiQuMtz4a,CryptoWall,BTC-e.com-old
1LRSaxiQwCuuhtxbNrfRXnc4Hh5vvMWGjT,CryptoWall,BTC-e.com-old
12SQ3TXRgGh7yd29osnGpaK9tdLt3bqKro,CryptoWall,BTC-e.com-old
1NZjwUhY1RBZbBzfSt8qYpFvnZnS1ohJmt,CryptoWall,BTC-e.com-old
1M32aoi7TZFe9D5W37rBEa1UwUYDRAq7Rw,CryptoWall,BTC-e.com-old
1HSdn3n7Pb3kPJ5vfbz6ARjQNeCp6iWSNT,CryptoWall,BTC-e.com-old
1Ju4fQDcoiqKkWghXtysgGmAG7pvGTB5JU,CryptoWall,BTC-e.com-old
1HGfuxbZjP7hTERYEJXfr39tDbB4AAo6ji,CryptoWall,BTC-e.com-old
1JaKHkn2gNRqVMqvRM1TLZtpLAnZxuwMF6,CryptoWall,BTC-e.com-old
1MgNtaejnRjnVt34eGjY2aVuLiVFHxuasK,CryptoWall,BTC-e.com-old
12dLsqXH3aygwNsVN91jDridyoVLxzAW3V,CryptoWall,BTC-e.com-old
1653meWLzZncoPFqLVpn3XyoiW4izgPtoC,CryptoWall,BTC-e.com-old
1NWJxEBewAeuzYdD1RZEKposqjKYi1Hdfm,CryptoWall,BTC-e.com-old
1NtWDuUedzz9XCrFtfsY8fv2i1rbcR2h1N,CryptoWall,BTC-e.com-old
1LjAtHaaDd3ynG9LhJW72yQferobHVR5qt,CryptoWall,BTC-e.com-old
1AbJGtJz4ezHuNcjGP3EiMdtuJAqt7FVwg,CryptoWall,BTC-e.com-old
18FmYk6n1Czo9UBqz6KHJuWk4byUDNfN94,CryptoWall,BTC-e.com-old
17euHN1Yz3F7VBvrFPeWw84qNnaNiTNmtv,CryptoWall,BTC-e.com-old
17SDZGhqKQGCtSSV9BfZmPiVvcQ74ASJ2Z,CryptoWall,BTC-e.com-old
14LDusSDRLNr2h3YxnsLdpNrLsdEisw4N8,CryptoWall,BTC-e.com-old
1FhWE1NjEckcxdgybA1gpb7xUMPciQ3uWg,CryptoWall,BTC-e.com-old
1FHhR3vkZ3f5hMhbTMrRTegx4GFdzhSKcE,CryptoWall,BTC-e.com-old
13pZW7Zb19A4eqaG6f7UhKdddXLZaBEdcD,CryptoWall,BTC-e.com-old
1JJASeF1bwUTbB5J9LU7hrub8WfZNKZLNC,CryptoWall,BTC-e.com-old
1ENAadMhBW7bbKto3VRfwztJ5vQNsYCKV7,CryptoWall,BTC-e.com-old
19BmSU2Q2TGYW5fKfX8m77fo8DHsW4d16Z,CryptoWall,BTC-e.com-old
1FxF9ZJNidqygoH1n62QqzFEmvEtUPcjaS,CryptoWall,BTC-e.com-old
1D9scbz9jdfA3TwccA6JYnC9VNuThfDrbw,CryptoWall,BTC-e.com-old
1LTbBZjjQwQsGyy2Kn9hJSThwLr7XkJBth,CryptoWall,BTC-e.com-old
1JwHDAoQtTkwyjvtDZ6Nh14Jm74QVGNQXZ,CryptoWall,BTC-e.com-old
18giPQ5BPa71EJ7a8Agy2JoiRVpa4mHoQ7,CryptoWall,BTC-e.com-old
1E4Q3WQyG6GwJpryGgp6TtZi3iQZir1UEH,CryptoWall,BTC-e.com-old
1NFNZnvxwibBDDAvDHjZVZmx3EYdHMD6xj,CryptoWall,BTC-e.com-old
1EN5heWr1dhNATcPCrJZTVmFs5mpbJbT35,CryptoWall,BTC-e.com-old
1JoRVwi3M9FVhMDmKCWnuS31P342A9ETD6,CryptoWall,BTC-e.com-old
1Lxj1NB4712i9ESkcTfiJy1rMXvQvpx2pW,CryptoWall,BTC-e.com-old
1F6nZLuuNDGAMicF9DEiCaAwMRcnRkyTG2,CryptoWall,BTC-e.com-old
1NJkguM7gtkUZJyb6VVp8Yds11YZX7XA3S,CryptoWall,BTC-e.com-old
1GqvXoBHJRcAPt3RgFQzV5ZtYdm3kBsQ5s,CryptoWall,BTC-e.com-old
189WwJdQ7Fy7kZA4szTf3UVj8dE4s5Cxw2,CryptoWall,BTC-e.com-old
14qxxAP55Dr13BbsuPxQzCzYYcfbSvjsy3,CryptoWall,BTC-e.com-old
183yDJxzquLiLQqsgWR9dMarGhj8Uesvxm,CryptoWall,BTC-e.com-old
1KFZsGG54ovvYodhUiDqgshSUj4ybYxRMV,CryptoWall,BTC-e.com-old
1FeAYvU6SqjiaddsofEzRuZxHZkjBEMsdL,CryptoWall,BTC-e.com-old
1QCjcWXcSUwZPje98J5gsu4wvpqw7mKBhd,CryptoWall,BTC-e.com-old
1L4RCsY29KQk2S1BtdN2A779TwQBAj1rVA,CryptoWall,BTC-e.com-old
1GDhFhCn6RwqZohTFTb1VMpuDkYpm4qm7o,CryptoWall,BTC-e.com-old
137VDnKFbkWbMMuibjGaMCnaQvjKfi2z1e,CryptoWall,BTC-e.com-old
1752Afzc68u1hi9BWje5NYCxxk2m3QLTjN,CryptoWall,BTC-e.com-old
1MhgiG9pES4hwzUGebSuB92XNb2Ap1voQL,CryptoWall,BTC-e.com-old
157wT57qk4yQMYVzZ1phfLsiwV1KdmMKsD,CryptoWall,BTC-e.com-old
16zmoTyC1UhkU4H5cXrnnGeaeJFq47q6LJ,CryptoWall,BTC-e.com-old
14jgfauN4hRou5bF1iw2ezvVLQ5GqGTXGJ,CryptoWall,BTC-e.com-old
1N3jmFPjHYZkHcbuCLUZGHpuQkvSqYumFu,CryptoWall,BTC-e.com-old
1BHsu499PWsmU5iVPg6HjcZaTPnhRcH6sz,CryptoWall,BTC-e.com-old
1BhU4huWPc1UBQDmYiqGmNmmgH1ZR3JWs3,CryptoWall,BTC-e.com-old
15YfHR4kMWE3Dq18KKsPWVh7chDQ9QMbhD,CryptoWall,BTC-e.com-old
18JrCco8yepuyZpNU2SKfidvRkv845jA9T,CryptoWall,BTC-e.com-old
13tTxrKQgtABWyyQFzQSyfk6Hvd2WqDry6,CryptoWall,BTC-e.com-old
1FgQonAviu6Wt1XjdgUwoNGHmCEFNaDKEs,CryptoWall,BTC-e.com-old
183DobJUKw4unQsCVEFeJ7sQGMp2ZCQZMY,CryptoWall,BTC-e.com-old
1FKDntxe1Pk3Zk2rgcMGbMNXQLpXy2SLAG,CryptoWall,BTC-e.com-old
1BQr83zsxfv4DKVWaGkgY5fHVj2KZzChW9,CryptoWall,BTC-e.com-old
15tDSdPL6Y7QrbyVRBNX9TZ5ZkKSpuYjWz,CryptoWall,BTC-e.com-old
186iLwncRszwtzeVQdtsKL7eRHoE1SFNii,CryptoWall,BTC-e.com-old
13KuuTNcoWRndmpGWuzsE13yxPHwW5uGL5,CryptoWall,BTC-e.com-old
1Ctkr64cyuMEartR7iAEWt3QbQdKqDjGUf,CryptoWall,BTC-e.com-old
1795UTdAra5b5cCMHsU9aT3omLXgLXGFvF,CryptoWall,BTC-e.com-old
