1F1tAaz5x1HUXrCNLbtMDqcw6o5GNn4xqX,Razy
1BonuSr7q9QR163hhpTzqTLPe2MqUXXyzV,CryptoTorLocker2015
1DiCeTjBX2JcRN4K52FiTvLu3hdjNZaKhW,CryptoTorLocker2015
1SystSn9VNy1RxC93JjGLiqkaZ2sDV4ev,CryptoTorLocker2015
1HG2RQWwiqr479GKhbykWn6FdbdQoBpU6H,CryptoTorLocker2015
1Lpn1Bhp8jieEGyraJ5koPrv7dEatgkB5k,CryptoTorLocker2015
12p1dnSn11aXS1hBjt9cscZNTGSJ56YDQM,CryptoTorLocker2015
1FGrWhAFLe6HbSG3evte9LrUgUCtYheQ84,CryptoTorLocker2015
133YoVoKhUbfVMiSbmLQxVgA3dSXeoHD2R,CryptoTorLocker2015
14mEmD2jGc7XCqLDHRekoDZowvMVmYVnP1,CryptoTorLocker2015
1AjEfggHtpgeSf6yCvLmz2Tgt5MdCoxcXS,CryptoTorLocker2015
1ArZ7DbzBcNJPdXCVeqcPHmGZezr6g2fgP,CryptoTorLocker2015
1BT3DBmWk4L9sroZ2m2oSJhcy6Dzsdx7bf,CryptoTorLocker2015
1FS4RJdmwJX4BjX5WugHe8pKFWRSueeES7,CryptoTorLocker2015
1sYSTEMQCbXykxa26a5h927WTZgvY7nzy,CryptoTorLocker2015
1L6S3qRVeQLnoZ63VvHqtnL6WrAvE13Y2G,CryptoTorLocker2015
1BonUSgFnTiRx1HstKeNd5dZEomBRrBN46,CryptoTorLocker2015
18e372GNwjGG5SYeHucuD1yLEWh7a6dWf1,CryptXXX
1M4v582kwR36TqxQugnoYJUiRZQPAc7XBq,CryptXXX
1M2Sb9i3CDY6jCybXfdFgEPEG1QdtAHeoi,CryptXXX
1DMBSsLZr7hh3LQhzFjX15xPzSz4aXa5ZT,Globev3
1B2o3pVHAxds48JdfTxcNMBbKMLaMbiRKA,NoobCrypt
1E2T4HuizBkjjV2T1xBUkHg4mzGGq4ZRYv,NoobCrypt
14a7C1M3PnjcqHPvNJa3dvfstZyEHMS9XV,NoobCrypt
1CLag5cdxajH54Pph5Qj52cx3AHRVrve2h,NoobCrypt
1GvgRRnLpUP7KsLZLE23ridD45MUxHoAJ4,GlobeImposter
1Mz7153HMuxXTuR2R1t78mGSdzaAtNbBWX,NotPetya
1FfUeU6M4VBxjRzX8QbU6xc6xHQbZuA1fV,DMALockerv3
1Ba6gcNWhAxaUrw8KExZUR7sm1XDdJUn2a,DMALockerv3
15sAswrYQ7zkipxudc4KprCzPQF4LfMUYq,DMALockerv3
1LvjTxjFnjomvvMK8CGx1qZ1zpLJFUFRmq,DMALockerv3
115p7UMMngoj1pMvkpHijcRdfJNXj6LrLn,WannaCry
13AM4VW2dhxYgXeQepoHkHSQuy6NgaEb94,WannaCry
12t9YDPgwueZ9NyMgw519p7AA8isjr6SMw,WannaCry
1Lc7xTpPQaH8sWcZ1JpqR3daewdhPDzDdK,Globe
1PHanqbJCsoyGMMLqvvznHwp9wh1zygkxp,CryptoWall
1LPAUi1LWzCsRLkGFWFdN5sENs1LufBfNp,CryptoWall
1Cc1sMo1wG7QU6QMbHXsEB6QBKTKXnnVtd,CryptoWall
1MyhRLoPBjacQ9h1c27oYHjDSdzDkEXjis,CryptoWall
1PnPJfx4ct8YHRnTnx1VrSnrZeQik86BXa,CryptoWall
1EiqxE6aXaPVZTtQKnmt7jNbmP5AeQtmJD,CryptoWall
13Kqgurx7eQg3G29NwV7ouJ8UHJRSUwwAe,CryptoWall
16wVsJkn9Vy3HcPAffhHETRQHt8Am9LYx7,CryptoWall
1JgT2UWr8Hmv9wqh5GyEeyDEYvAh1NLixS,CryptoWall
1L7SLmazbbcy614zsDSLwz4bxz1nnJvDeV,CryptoWall
1ApF4XayPo7Mtpe326o3xMnSgrkZo7TCWD,CryptoWall
1HYDwtwtotSedCDCHDcgbRks2a7yPcicwd,CryptoWall
1M8oK3D2G8ipTy7sCxiatrHC35CpAgmrrw,CryptoWall
15SNY5L6b58FwQNB3oxRMrPxDTs5nioRdf,CryptoWall
1EYFWyPoE7QvWRQnwKgs3XfqtBeUw63TBn,CryptoWall
19yqWit95eFGmUTYDLr3memcDoJiYgUppc,CryptoWall
18R1JX2pM4yS2baCERARHQEQg7uX1dezrp,CryptoWall
1JTEjiizLihT6GbvoW52Abmg6rV1KyD3fw,CryptoWall
1EHY9w3KEeg1ErLJJ8eEXBHx684C9awgQr,CryptoWall
18kcdfCR8tBfxeGVUc6nQTYNUxtyiogMJr,CryptoWall
1Pa7ZkA9JHzwp8FazU4YBVSiYFPP3majgA,CryptoWall
1AkJptnuoiQAD3GmHMFHBSMxZ9H2GKJTkB,CryptoWall
19KPUjPhfSYRdCXLLiZRc23V8JW2ZVEqy8,CryptoWall
1CeA899xpo3Fe6DQwZwEkd6vQfRHoLuCJD,CryptoWall
1HXQ5fs6PNhSuQurU7Ccy9HCRnULs1aa2v,Jigsaw
